,empty_server_form_handler,popup_window,https,request_from_other_domain,anchor_from_other_domain,is_popular,long_url,age_of_domain,ip_in_url,0
0,0.0,0.0,0.0,0.0,0.0,0.5,1.0,1,1,1
1,1.0,0.0,0.5,0.5,0.0,0.5,0.0,1,0,1
2,0.0,0.0,1.0,0.0,0.5,0.5,0.0,1,0,1
3,0.0,0.0,1.0,0.0,0.0,1.0,0.5,0,0,1
4,1.0,0.0,0.5,1.0,0.0,0.5,0.5,1,0,0
5,1.0,0.5,1.0,1.0,0.5,0.5,0.5,1,1,0
6,0.0,0.5,0.0,0.0,1.0,1.0,0.5,0,0,1
7,0.0,0.0,0.5,0.0,0.0,1.0,0.0,0,0,1
8,1.0,0.5,1.0,1.0,1.0,0.0,1.0,1,0,0
9,1.0,0.0,0.5,0.0,1.0,0.5,1.0,1,0,1
10,1.0,0.5,1.0,0.5,0.0,1.0,0.5,0,0,0
11,0.0,0.0,0.0,1.0,0.0,0.5,0.0,1,0,1
12,0.5,0.5,0.0,0.5,0.5,1.0,1.0,0,1,1
13,0.0,0.5,0.5,0.5,0.0,1.0,0.0,0,0,1
14,1.0,1.0,1.0,0.0,1.0,0.0,1.0,1,0,0
15,0.5,0.0,0.0,0.5,1.0,1.0,0.5,0,0,1
16,1.0,0.0,0.5,1.0,0.5,0.5,0.0,1,0,1
17,0.5,0.0,1.0,0.0,0.0,1.0,0.0,1,0,1
18,1.0,0.5,0.0,0.0,1.0,1.0,0.0,0,0,0
19,1.0,0.0,0.5,0.0,1.0,0.0,0.5,1,0,0
20,1.0,0.5,1.0,0.5,0.0,0.5,0.5,1,0,0
21,1.0,0.5,0.0,0.5,0.0,1.0,0.0,0,0,0
22,0.0,0.0,0.5,0.0,1.0,0.0,0.5,1,0,0
23,0.5,0.5,1.0,1.0,1.0,0.5,0.5,1,0,0
24,1.0,0.5,0.0,1.0,1.0,0.5,0.5,0,0,0
25,1.0,0.5,1.0,0.5,0.0,0.0,0.5,1,0,0
26,0.0,0.0,0.5,0.5,1.0,1.0,0.0,0,0,1
27,1.0,1.0,0.5,0.0,1.0,1.0,0.5,0,0,0
28,1.0,1.0,1.0,0.0,0.0,0.5,0.5,1,0,0
29,1.0,0.5,1.0,0.0,0.0,0.0,0.5,1,0,0
30,1.0,0.5,0.0,0.0,0.0,0.0,1.0,1,0,0
31,1.0,0.0,1.0,0.0,1.0,0.0,0.0,1,0,0
32,1.0,1.0,0.0,1.0,1.0,0.0,1.0,1,0,0
33,1.0,0.5,1.0,0.0,1.0,0.0,1.0,1,0,0
34,0.5,0.5,1.0,0.5,0.5,1.0,0.0,0,0,1
35,0.0,0.0,0.0,0.0,0.0,0.0,0.5,1,0,1
36,1.0,0.5,0.5,0.0,0.0,0.5,0.5,0,0,1
37,0.0,0.5,0.5,0.0,0.0,1.0,0.5,0,0,1
38,1.0,1.0,1.0,0.0,1.0,0.0,0.0,1,0,0
39,0.0,0.5,1.0,0.5,0.0,0.5,0.5,0,0,0
40,1.0,1.0,1.0,1.0,0.5,0.0,0.5,1,0,0
41,1.0,0.5,1.0,1.0,1.0,0.5,0.0,1,1,0
42,0.0,0.0,1.0,0.0,0.0,1.0,0.0,0,0,1
43,0.5,0.0,0.0,0.5,1.0,1.0,0.5,0,0,1
44,0.0,0.0,1.0,0.5,0.0,0.5,1.0,1,0,1
45,1.0,0.5,1.0,0.5,0.0,0.0,0.0,1,0,0
46,1.0,1.0,1.0,0.0,1.0,0.0,0.5,1,1,0
47,0.0,0.0,1.0,0.0,0.0,0.5,0.0,0,0,1
48,1.0,0.0,0.5,0.0,0.0,0.5,0.0,1,0,1
49,1.0,0.5,1.0,1.0,1.0,0.0,1.0,1,0,0
50,1.0,0.0,0.5,1.0,0.5,0.5,0.0,1,0,1
51,1.0,0.0,0.5,1.0,1.0,0.5,0.5,1,0,0
52,1.0,1.0,1.0,0.0,1.0,0.0,1.0,1,1,0
53,0.0,0.0,1.0,1.0,0.0,1.0,0.5,0,0,1
54,0.0,0.0,0.5,0.5,0.0,1.0,0.5,0,0,1
55,0.5,0.5,0.5,0.5,1.0,0.5,0.5,0,0,1
56,1.0,1.0,1.0,1.0,1.0,1.0,0.5,1,1,0
57,1.0,0.5,1.0,1.0,1.0,0.0,1.0,1,0,0
58,0.0,0.0,0.5,0.0,0.0,0.5,0.5,1,0,1
59,0.5,0.5,0.5,0.5,1.0,0.5,1.0,0,1,1
60,0.0,0.0,0.5,1.0,0.0,1.0,0.0,1,0,1
61,0.0,0.0,0.5,1.0,1.0,0.5,0.0,0,0,1
62,1.0,1.0,0.5,0.5,0.0,0.5,0.5,1,0,0
63,1.0,0.0,1.0,0.0,0.0,0.5,0.0,0,0,1
64,1.0,1.0,1.0,1.0,1.0,0.0,1.0,1,0,0
65,1.0,0.5,1.0,0.5,0.0,1.0,0.5,0,0,0
66,0.0,0.5,1.0,0.0,0.0,0.0,0.0,1,0,1
67,0.0,0.0,1.0,0.5,1.0,1.0,0.5,0,0,1
68,1.0,1.0,0.5,0.0,1.0,0.5,0.0,0,0,0
69,0.0,0.5,0.0,0.0,0.0,1.0,0.0,0,0,1
70,1.0,0.0,1.0,1.0,1.0,0.5,0.5,1,0,0
71,1.0,0.5,1.0,1.0,0.5,0.5,0.0,1,1,0
72,0.0,0.5,0.0,0.0,0.0,0.5,0.0,1,0,1
73,1.0,1.0,1.0,0.0,1.0,0.0,0.5,1,0,0
74,0.5,0.0,0.0,0.5,1.0,0.5,1.0,0,0,1
75,0.0,0.0,1.0,1.0,0.0,1.0,0.0,0,0,1
76,1.0,1.0,1.0,0.5,0.0,1.0,1.0,0,0,0
77,1.0,1.0,1.0,1.0,1.0,0.5,0.0,1,0,0
78,0.0,0.0,0.0,0.0,0.0,0.5,0.5,1,0,1
79,0.0,0.0,1.0,1.0,0.0,1.0,0.0,0,0,0
80,1.0,0.5,1.0,0.0,0.0,0.0,0.5,1,1,0
81,0.0,0.5,0.0,0.5,0.0,1.0,0.5,0,0,1
82,1.0,0.5,1.0,0.5,0.0,0.0,1.0,1,0,0
83,1.0,1.0,1.0,0.0,0.0,0.0,0.5,1,0,0
84,1.0,0.5,1.0,1.0,1.0,0.0,1.0,1,0,0
85,1.0,0.5,1.0,1.0,1.0,0.0,0.5,1,0,0
86,0.5,0.0,0.0,0.5,0.5,0.5,1.0,0,1,1
87,0.0,0.0,0.5,1.0,1.0,0.0,0.0,1,0,1
88,1.0,0.5,1.0,0.0,1.0,0.5,1.0,1,0,0
89,1.0,1.0,1.0,1.0,1.0,0.5,1.0,1,0,0
90,0.5,0.5,1.0,0.5,1.0,0.0,0.5,1,1,1
91,0.0,0.0,0.5,1.0,1.0,0.0,1.0,1,0,1
92,1.0,1.0,1.0,1.0,1.0,1.0,0.5,0,1,0
93,1.0,0.5,0.0,1.0,1.0,0.5,0.5,0,0,0
94,0.0,0.5,0.0,0.0,0.0,0.5,0.5,1,0,1
95,1.0,0.5,0.0,1.0,1.0,0.0,1.0,1,0,0
96,0.0,0.0,0.0,0.0,0.0,1.0,0.5,0,0,1
97,1.0,0.0,0.5,1.0,0.5,0.0,1.0,1,0,1
98,0.0,0.5,0.0,0.0,0.0,0.0,0.0,1,0,1
99,0.0,0.0,0.5,0.0,0.0,0.5,1.0,0,1,1
100,1.0,0.5,1.0,1.0,0.5,0.5,1.0,1,0,0
101,0.0,0.0,0.5,0.0,0.0,0.5,0.0,1,0,1
102,0.0,0.5,0.0,0.0,1.0,1.0,0.0,0,0,1
103,1.0,0.5,1.0,0.5,0.0,1.0,0.0,0,0,0
104,0.0,0.5,0.0,0.0,0.0,1.0,0.5,0,0,1
105,1.0,0.5,1.0,0.0,1.0,0.0,1.0,1,0,0
106,0.0,0.5,0.5,0.0,0.0,0.5,0.5,0,0,1
107,0.0,0.5,1.0,0.0,0.5,0.0,0.0,1,0,1
108,0.0,0.0,0.0,1.0,0.0,0.5,0.5,0,0,1
109,1.0,0.0,1.0,0.5,0.0,0.0,1.0,1,0,0
110,0.0,0.0,0.0,0.0,0.0,1.0,0.0,0,0,1
111,1.0,0.5,1.0,1.0,1.0,0.5,1.0,0,0,0
112,0.0,0.0,1.0,0.0,0.5,1.0,0.5,0,0,1
113,1.0,0.5,0.5,1.0,0.0,0.5,0.0,1,0,1
114,1.0,1.0,1.0,0.0,1.0,0.0,1.0,1,0,0
115,1.0,0.0,0.5,0.0,0.0,0.0,1.0,1,0,1
116,1.0,0.0,0.5,0.5,0.0,0.0,0.5,1,0,0
117,0.0,0.0,1.0,1.0,1.0,0.5,1.0,1,1,1
118,0.5,0.0,1.0,0.5,0.5,1.0,0.0,0,0,1
119,1.0,1.0,0.5,1.0,0.5,0.5,0.0,0,0,0
120,1.0,0.0,1.0,1.0,1.0,0.5,0.0,1,0,0
121,0.0,0.5,0.5,0.0,0.0,1.0,0.0,0,0,0
122,1.0,1.0,1.0,0.5,0.0,0.5,0.5,1,0,0
123,0.0,1.0,1.0,0.5,0.5,0.0,0.5,1,0,0
124,1.0,0.5,0.0,0.0,1.0,0.5,0.0,0,0,0
125,0.0,0.0,0.0,0.0,0.0,1.0,1.0,0,0,1
126,1.0,0.5,1.0,0.5,0.0,0.0,0.0,1,0,0
127,1.0,0.0,1.0,0.5,0.0,0.5,1.0,1,0,0
128,1.0,0.5,1.0,1.0,1.0,0.0,0.5,1,0,0
129,0.0,1.0,0.0,0.5,0.5,1.0,0.0,0,0,0
130,1.0,0.5,1.0,0.0,0.0,0.5,0.0,0,0,1
131,0.5,0.0,0.5,0.0,0.0,1.0,0.0,0,0,1
132,1.0,0.5,1.0,0.0,1.0,1.0,1.0,0,0,0
133,0.0,0.0,0.5,1.0,0.0,0.5,0.5,1,0,1
134,1.0,0.5,1.0,0.0,1.0,1.0,0.0,0,1,0
135,0.0,0.5,0.0,0.5,0.0,1.0,0.0,0,0,1
136,1.0,0.0,1.0,1.0,1.0,0.0,0.5,1,0,0
137,0.0,0.0,1.0,0.0,0.0,0.5,0.0,1,0,1
138,1.0,1.0,1.0,1.0,1.0,0.0,0.0,1,1,0
139,0.5,0.0,0.0,0.5,1.0,1.0,0.0,0,0,1
140,1.0,0.0,1.0,0.0,0.0,0.5,0.0,0,0,1
141,1.0,0.0,0.5,0.0,0.0,0.0,0.5,1,0,1
142,0.5,0.0,0.0,0.5,0.5,0.0,0.5,1,0,1
143,0.0,0.0,0.5,1.0,1.0,0.0,0.5,1,0,1
144,0.0,0.5,0.5,1.0,1.0,1.0,0.0,0,0,1
145,0.0,0.0,0.5,0.0,0.0,1.0,0.5,0,0,1
146,1.0,0.0,0.5,0.0,0.0,1.0,0.0,1,0,1
147,0.0,0.5,1.0,0.0,0.0,0.0,0.5,1,0,1
148,1.0,0.5,0.0,0.5,0.0,1.0,1.0,0,0,0
149,1.0,0.0,1.0,0.0,1.0,0.0,0.5,1,0,0
150,1.0,0.0,0.5,1.0,1.0,0.5,0.0,1,0,0
151,1.0,0.0,1.0,0.0,1.0,0.0,0.0,1,1,0
152,1.0,0.0,1.0,1.0,1.0,0.5,0.0,1,0,0
153,1.0,0.5,1.0,0.0,1.0,0.0,0.0,1,0,0
154,1.0,0.0,1.0,0.0,1.0,0.0,0.5,1,0,0
155,0.0,0.5,0.0,0.0,1.0,1.0,0.5,0,0,1
156,1.0,0.0,0.5,1.0,0.5,0.0,0.5,1,0,0
157,0.0,0.0,1.0,0.0,0.0,0.0,1.0,1,1,1
158,0.5,0.0,0.0,0.5,0.5,0.0,0.5,1,0,1
159,1.0,0.5,1.0,0.5,0.0,1.0,0.0,0,0,0
160,1.0,0.0,1.0,0.5,0.0,0.0,0.0,1,0,0
161,1.0,0.5,1.0,1.0,1.0,0.5,0.0,1,0,0
162,1.0,0.0,0.5,1.0,1.0,0.0,1.0,1,0,0
163,0.5,0.5,0.0,0.5,1.0,0.5,1.0,0,1,1
164,1.0,1.0,1.0,0.0,0.0,0.0,0.5,1,0,0
165,0.5,0.0,0.0,0.5,0.5,1.0,0.5,0,0,1
166,1.0,1.0,1.0,0.0,0.0,0.0,0.0,1,0,0
167,1.0,0.5,1.0,0.0,1.0,1.0,1.0,0,1,0
168,1.0,0.5,1.0,1.0,1.0,0.5,0.5,1,0,0
169,1.0,0.0,0.5,0.0,0.0,1.0,0.0,0,0,1
170,1.0,1.0,1.0,0.5,0.5,0.5,0.5,1,0,0
171,0.5,0.0,1.0,0.5,0.5,0.5,1.0,1,1,1
172,1.0,0.5,0.5,1.0,1.0,0.5,0.0,1,0,0
173,1.0,0.0,1.0,0.0,1.0,1.0,0.0,0,0,0
174,1.0,1.0,1.0,0.0,1.0,0.5,0.5,0,1,0
175,1.0,0.0,0.5,0.5,0.0,1.0,0.0,0,0,1
176,1.0,1.0,1.0,0.0,1.0,0.0,1.0,1,0,0
177,0.0,0.0,1.0,0.0,0.5,1.0,1.0,0,0,1
178,0.0,0.0,1.0,0.5,0.0,1.0,0.0,1,0,1
179,1.0,0.5,1.0,0.0,1.0,0.5,0.5,1,0,0
180,1.0,0.0,0.5,0.5,0.0,0.5,0.0,0,0,0
181,1.0,0.5,1.0,0.0,1.0,0.5,0.5,1,0,0
182,1.0,1.0,0.0,0.0,1.0,1.0,0.0,0,0,0
183,1.0,0.5,1.0,1.0,1.0,0.0,0.5,1,1,0
184,1.0,0.0,0.5,0.0,0.0,0.5,0.0,1,0,1
185,1.0,0.5,1.0,1.0,1.0,1.0,1.0,0,0,0
186,1.0,0.0,0.5,0.0,0.0,0.5,0.5,0,0,1
187,1.0,0.0,1.0,0.5,0.5,0.0,0.5,1,0,0
188,1.0,0.0,0.5,1.0,0.5,1.0,0.5,1,0,1
189,0.0,0.0,1.0,0.5,0.0,1.0,1.0,0,1,1
190,1.0,0.5,1.0,0.5,0.5,0.5,0.5,1,0,0
191,1.0,0.5,1.0,0.0,0.0,0.0,0.5,1,0,0
192,0.5,0.5,0.0,0.5,1.0,0.0,0.0,1,0,1
193,1.0,1.0,1.0,1.0,1.0,0.0,0.5,1,0,0
194,0.5,0.5,1.0,0.5,1.0,0.0,1.0,1,0,1
195,0.0,0.5,0.5,0.0,0.0,0.5,0.5,0,0,1
196,0.0,0.5,1.0,0.5,0.5,0.5,0.5,1,1,0
197,1.0,0.5,1.0,0.5,0.0,0.0,0.0,1,0,0
198,0.0,0.5,0.0,0.0,0.0,0.0,1.0,1,0,1
199,0.5,0.0,0.0,0.5,1.0,0.0,0.5,1,0,1
200,1.0,1.0,1.0,1.0,0.5,0.0,0.5,1,0,0
201,0.5,0.5,0.0,0.5,1.0,0.5,0.0,0,0,1
202,0.0,0.5,1.0,0.5,0.0,0.0,0.5,1,0,0
203,1.0,1.0,1.0,0.5,0.0,1.0,0.5,0,0,0
204,1.0,0.0,1.0,0.0,0.0,0.5,0.5,1,0,0
205,0.5,0.0,1.0,0.0,0.0,1.0,0.0,1,0,1
206,0.0,0.0,1.0,0.5,0.0,0.5,1.0,1,1,1
207,1.0,0.5,1.0,1.0,1.0,1.0,0.5,0,0,0
208,1.0,0.5,1.0,1.0,0.5,0.0,1.0,1,0,0
209,1.0,0.5,1.0,1.0,0.5,0.0,0.5,1,0,0
210,0.0,0.0,0.0,0.0,0.0,1.0,0.5,0,0,1
211,1.0,0.5,1.0,0.5,0.0,1.0,0.5,0,0,0
212,1.0,0.0,1.0,0.5,0.0,1.0,0.0,0,1,0
213,0.0,0.0,1.0,0.0,0.0,1.0,0.5,0,0,0
214,1.0,0.5,0.0,0.5,0.5,1.0,0.5,0,0,0
215,1.0,0.0,1.0,0.0,1.0,0.0,0.5,1,0,0
216,0.5,0.5,1.0,0.5,1.0,0.5,1.0,0,0,1
217,1.0,0.5,1.0,1.0,1.0,0.0,0.0,1,0,0
218,1.0,0.5,1.0,0.5,0.0,1.0,0.5,0,0,0
219,0.0,0.0,1.0,0.0,0.0,1.0,0.5,1,0,1
220,1.0,0.5,1.0,1.0,1.0,0.5,0.0,1,0,0
221,0.0,0.0,1.0,0.5,0.0,1.0,0.0,0,0,1
222,1.0,0.5,1.0,1.0,1.0,1.0,0.5,0,0,0
223,1.0,0.5,1.0,1.0,1.0,0.5,0.5,1,0,0
224,0.5,0.0,0.0,0.5,1.0,0.0,0.0,1,0,1
225,0.0,0.0,0.5,0.5,0.0,1.0,0.0,0,0,1
226,1.0,0.0,1.0,0.0,0.0,0.5,0.5,0,0,1
227,1.0,0.5,0.0,0.0,0.0,1.0,0.5,0,0,1
228,1.0,0.0,1.0,0.0,1.0,0.0,1.0,1,0,0
229,1.0,0.5,0.5,1.0,1.0,1.0,1.0,0,1,0
230,1.0,0.0,0.5,0.0,1.0,1.0,0.5,0,0,1
231,0.0,0.5,0.5,0.0,0.0,0.0,0.5,1,0,1
232,1.0,1.0,1.0,1.0,1.0,0.5,0.5,1,0,0
233,1.0,0.5,1.0,0.5,0.0,0.5,0.0,1,0,0
234,1.0,0.5,1.0,0.0,1.0,1.0,0.0,0,0,0
235,1.0,0.5,1.0,0.5,0.0,1.0,1.0,0,1,0
236,1.0,0.5,0.0,0.0,0.0,1.0,0.5,0,0,0
237,1.0,0.5,0.5,0.0,0.0,0.5,0.5,0,0,0
238,1.0,1.0,1.0,0.0,1.0,0.5,1.0,1,0,0
239,1.0,1.0,1.0,1.0,1.0,1.0,0.5,0,1,0
240,0.5,0.5,0.0,0.5,0.5,0.5,0.5,0,0,1
241,1.0,0.5,1.0,1.0,0.5,0.5,1.0,1,0,0
242,0.0,0.5,0.5,0.5,0.0,1.0,0.5,0,0,1
243,1.0,0.0,0.5,1.0,1.0,0.5,0.5,1,0,1
244,1.0,0.5,0.0,1.0,0.5,1.0,0.0,1,0,0
245,0.0,0.0,0.0,0.0,0.0,0.0,0.0,1,0,1
246,0.0,0.0,0.5,0.5,0.0,1.0,0.0,1,0,1
247,1.0,0.0,0.5,1.0,1.0,0.0,1.0,1,0,1
248,1.0,0.0,0.5,0.0,0.0,0.0,0.0,1,1,1
249,0.0,0.0,0.5,0.0,0.0,0.5,0.0,0,0,1
250,0.0,0.5,1.0,0.0,0.0,1.0,0.5,0,0,1
251,0.0,0.5,0.0,0.0,0.0,0.5,0.5,0,0,1
252,0.0,0.5,0.0,0.5,0.0,0.0,1.0,1,1,1
253,0.0,0.0,1.0,0.0,0.5,1.0,0.5,0,0,0
254,1.0,1.0,1.0,0.0,0.0,1.0,0.5,0,0,0
255,0.0,0.0,1.0,0.0,0.0,1.0,0.5,0,0,1
256,1.0,0.0,1.0,1.0,1.0,0.0,0.5,1,0,0
257,0.5,0.0,0.0,0.5,1.0,1.0,0.0,0,0,1
258,0.0,0.0,0.0,0.5,0.0,1.0,1.0,0,0,1
259,1.0,0.5,1.0,0.5,0.0,0.5,1.0,1,0,0
260,1.0,0.5,1.0,0.5,0.0,0.0,1.0,1,0,0
261,1.0,0.5,1.0,0.5,0.0,0.5,0.5,1,0,0
262,1.0,0.5,1.0,1.0,1.0,0.5,0.5,1,0,0
263,0.0,0.0,1.0,0.5,0.5,1.0,0.0,0,0,0
264,1.0,0.5,1.0,0.0,1.0,1.0,1.0,0,0,0
265,0.0,0.0,1.0,0.0,0.0,0.5,0.0,1,0,1
266,1.0,1.0,1.0,0.5,0.0,0.0,0.0,1,0,0
267,0.0,0.5,1.0,0.0,0.0,0.5,0.5,1,0,1
268,1.0,1.0,1.0,0.5,0.0,0.0,0.5,1,0,0
269,1.0,1.0,1.0,1.0,1.0,0.0,1.0,1,0,0
270,1.0,1.0,1.0,0.5,0.0,0.0,0.0,1,1,0
271,0.0,0.0,1.0,0.5,0.0,0.5,0.0,1,0,1
272,1.0,1.0,1.0,1.0,1.0,0.0,1.0,1,1,0
273,1.0,0.0,1.0,0.5,0.0,1.0,0.5,0,0,0
274,0.0,0.5,1.0,0.0,0.5,0.5,0.0,1,0,0
275,1.0,0.5,1.0,0.5,0.0,0.0,0.5,1,0,0
276,1.0,0.5,0.5,1.0,1.0,0.0,0.0,1,0,0
277,1.0,0.5,1.0,1.0,1.0,0.5,1.0,0,0,0
278,0.0,0.5,1.0,0.5,0.0,0.0,1.0,1,0,0
279,0.0,0.0,0.0,0.0,0.0,1.0,0.0,0,0,1
280,1.0,0.0,1.0,1.0,1.0,0.5,1.0,1,0,0
281,1.0,0.5,0.5,1.0,1.0,1.0,0.5,0,0,0
282,0.0,0.5,0.5,0.5,0.0,0.5,0.5,0,0,1
283,1.0,0.0,0.5,1.0,0.5,1.0,0.5,1,0,0
284,1.0,1.0,1.0,1.0,1.0,0.5,1.0,0,1,0
285,0.0,0.5,0.0,0.0,0.0,1.0,0.0,0,0,1
286,1.0,0.0,0.5,0.0,0.0,0.5,1.0,1,0,1
287,0.5,0.0,0.0,0.5,0.5,1.0,0.5,0,0,1
288,1.0,0.5,1.0,0.0,1.0,0.5,1.0,1,0,0
289,1.0,0.0,1.0,1.0,0.5,0.5,1.0,1,0,0
290,0.0,0.5,0.0,0.5,0.0,0.0,1.0,1,0,1
291,1.0,0.0,1.0,0.0,1.0,0.0,1.0,1,0,0
292,0.0,1.0,1.0,0.5,0.5,0.5,1.0,1,1,0
293,1.0,0.5,1.0,1.0,1.0,0.0,0.5,1,0,0
294,0.0,0.0,0.5,0.0,0.0,0.5,0.0,0,0,1
295,1.0,1.0,0.5,0.0,0.0,1.0,0.5,0,0,0
296,1.0,0.5,1.0,0.0,1.0,0.0,0.5,1,0,0
297,1.0,0.5,1.0,0.0,1.0,0.0,1.0,1,0,0
298,0.0,0.0,0.0,0.5,0.0,1.0,0.0,0,0,1
299,1.0,0.0,0.5,0.0,0.5,1.0,0.0,1,0,0
300,0.5,0.5,0.0,0.5,1.0,1.0,0.0,0,0,1
301,1.0,1.0,1.0,0.0,0.0,0.0,1.0,1,0,0
302,0.0,0.0,0.0,0.5,0.0,0.0,0.0,1,0,1
303,1.0,0.0,0.5,1.0,1.0,0.0,1.0,1,0,0
304,0.0,0.0,0.0,0.0,0.0,0.5,0.0,1,0,1
305,1.0,0.5,1.0,0.5,0.0,1.0,0.5,0,0,0
306,1.0,0.5,1.0,0.5,0.0,0.0,0.5,1,0,0
307,1.0,0.0,0.0,1.0,1.0,0.0,1.0,1,0,0
308,1.0,0.0,1.0,0.0,1.0,1.0,1.0,0,0,0
309,1.0,0.5,1.0,0.0,1.0,0.5,1.0,0,0,0
310,1.0,0.5,1.0,0.0,1.0,0.0,0.5,1,0,0
311,1.0,0.5,1.0,1.0,1.0,0.0,0.0,1,0,0
312,0.5,0.0,0.5,0.5,1.0,0.0,0.5,1,0,1
313,0.0,0.0,1.0,0.0,0.5,1.0,0.5,1,0,1
314,1.0,0.5,1.0,0.0,0.0,1.0,0.5,0,0,0
315,1.0,0.5,1.0,0.0,0.0,0.0,0.5,1,0,0
316,0.0,0.5,0.5,0.0,0.0,1.0,0.5,0,0,1
317,0.0,0.5,0.0,1.0,1.0,0.5,0.5,1,0,1
318,1.0,0.5,1.0,1.0,1.0,0.5,0.5,0,0,0
319,1.0,1.0,0.5,1.0,1.0,0.0,0.5,1,0,0
320,1.0,0.0,1.0,0.5,0.0,1.0,0.0,1,0,1
321,1.0,0.5,1.0,0.0,0.0,1.0,0.5,0,1,0
322,1.0,1.0,0.5,0.5,0.0,0.0,1.0,1,1,0
323,1.0,0.0,1.0,1.0,1.0,1.0,0.0,0,0,0
324,1.0,0.0,1.0,1.0,1.0,0.5,0.5,1,0,0
325,1.0,0.5,1.0,0.5,0.0,0.0,0.0,1,1,0
326,1.0,1.0,0.0,0.0,1.0,1.0,0.5,0,0,0
327,0.5,0.5,0.0,0.5,1.0,1.0,0.5,0,0,1
328,0.0,0.5,0.0,0.5,0.0,0.0,1.0,1,1,1
329,1.0,0.5,0.5,0.0,0.0,0.5,0.0,0,0,1
330,1.0,0.5,1.0,0.0,0.0,0.5,1.0,1,0,0
331,1.0,0.5,1.0,0.0,1.0,0.0,1.0,1,0,0
332,1.0,0.5,1.0,0.5,0.0,1.0,0.0,0,1,0
333,1.0,1.0,1.0,0.0,0.0,0.5,0.5,1,0,0
334,1.0,0.5,1.0,1.0,1.0,0.5,1.0,1,0,0
335,0.0,0.0,0.0,0.0,1.0,0.5,0.0,1,0,1
336,0.0,0.5,0.0,1.0,0.0,1.0,0.0,0,0,1
337,0.5,0.5,1.0,1.0,1.0,0.5,0.0,1,0,0
338,0.5,0.5,0.0,0.5,1.0,1.0,0.5,0,0,1
339,0.0,0.5,0.0,0.0,0.0,1.0,0.5,0,0,1
340,1.0,0.0,1.0,1.0,1.0,0.0,0.0,1,1,0
341,1.0,0.0,0.5,0.0,1.0,0.5,0.5,1,0,0
342,1.0,0.5,1.0,1.0,1.0,0.5,1.0,1,0,0
343,1.0,0.5,1.0,1.0,1.0,0.0,0.5,1,0,0
344,1.0,0.0,0.5,1.0,1.0,1.0,0.0,0,0,0
345,1.0,0.5,1.0,0.5,0.0,1.0,1.0,0,0,0
346,1.0,0.5,1.0,0.0,1.0,0.0,1.0,1,0,0
347,0.0,0.0,0.0,0.0,0.0,0.0,1.0,1,0,1
348,0.0,0.5,1.0,0.5,0.5,0.5,0.5,1,0,0
349,1.0,1.0,1.0,1.0,1.0,0.0,1.0,1,0,0
350,1.0,0.5,0.5,0.5,0.0,0.5,0.0,0,0,0
351,0.5,0.0,1.0,0.5,0.5,1.0,1.0,1,0,1
352,1.0,0.5,1.0,0.0,1.0,0.5,0.0,1,0,0
353,0.5,0.0,1.0,0.5,1.0,1.0,0.0,0,0,1
354,1.0,0.5,1.0,0.5,0.0,0.5,1.0,0,0,0
355,1.0,0.0,0.5,0.0,0.0,0.0,0.5,1,0,0
356,1.0,0.0,0.5,1.0,1.0,0.0,1.0,1,0,1
357,1.0,0.5,1.0,0.5,0.0,0.5,1.0,1,0,0
358,1.0,1.0,1.0,0.5,0.5,0.0,0.5,1,0,0
359,1.0,0.5,1.0,1.0,1.0,0.0,0.0,1,0,0
360,1.0,0.5,1.0,0.0,1.0,0.5,0.5,0,0,0
361,0.0,0.0,0.0,0.0,0.0,1.0,0.0,1,0,1
362,0.0,0.0,0.0,0.0,0.0,0.5,0.0,0,0,1
363,1.0,0.5,0.5,0.0,1.0,1.0,0.5,0,0,0
364,0.0,0.5,0.0,0.0,1.0,1.0,0.0,0,0,1
365,1.0,0.5,1.0,0.5,0.5,0.0,0.5,1,0,0
366,1.0,0.5,1.0,0.0,1.0,0.0,0.0,1,1,0
367,1.0,0.5,1.0,1.0,1.0,0.5,0.5,1,0,0
368,1.0,0.0,0.5,1.0,1.0,0.5,0.5,1,0,0
369,1.0,0.0,0.5,0.0,0.0,0.5,1.0,1,1,1
370,0.0,0.0,0.0,0.0,0.0,1.0,0.5,1,0,1
371,1.0,1.0,1.0,1.0,0.5,1.0,0.5,0,0,0
372,0.0,0.0,0.5,1.0,1.0,0.5,0.5,1,0,0
373,0.0,0.5,0.0,0.0,0.0,0.5,0.5,0,0,1
374,1.0,0.5,1.0,1.0,1.0,1.0,0.0,1,0,0
375,0.0,0.5,1.0,0.0,0.0,0.5,0.5,0,0,1
376,0.0,0.5,1.0,0.5,0.0,0.5,0.5,1,0,0
377,1.0,1.0,0.5,1.0,1.0,0.0,0.0,1,0,0
378,0.5,0.0,0.0,0.5,1.0,1.0,1.0,0,1,1
379,1.0,1.0,1.0,1.0,1.0,0.0,0.5,1,1,0
380,1.0,0.0,0.5,0.0,1.0,0.5,0.5,1,0,0
381,1.0,0.5,1.0,0.5,0.0,0.5,1.0,1,0,0
382,1.0,0.0,1.0,0.0,1.0,0.0,0.0,1,0,0
383,0.0,0.0,1.0,0.0,0.0,0.5,0.0,0,0,1
384,1.0,0.0,0.5,0.5,0.0,1.0,1.0,0,0,1
385,0.0,0.5,1.0,0.5,0.0,0.5,0.5,1,0,1
386,1.0,0.5,1.0,0.0,1.0,1.0,1.0,0,1,0
387,0.5,0.0,1.0,0.5,1.0,0.0,1.0,1,1,1
388,1.0,0.5,1.0,0.5,0.5,0.5,0.5,0,0,0
389,1.0,0.0,1.0,1.0,1.0,0.0,1.0,1,0,0
390,0.0,0.0,0.5,0.0,0.0,0.5,0.0,0,0,1
391,0.5,0.0,1.0,0.5,1.0,0.0,1.0,1,0,1
392,1.0,0.0,0.5,1.0,1.0,0.5,0.0,0,0,0
393,1.0,0.5,1.0,0.5,0.5,0.5,0.5,1,1,0
394,0.0,0.5,0.5,0.0,0.0,1.0,0.5,0,0,1
395,1.0,0.5,1.0,1.0,1.0,0.0,0.0,1,0,0
396,1.0,0.5,1.0,1.0,0.5,0.5,0.5,1,0,0
397,1.0,1.0,1.0,0.5,0.5,0.5,0.5,0,0,0
398,1.0,0.5,1.0,1.0,1.0,0.0,0.0,1,0,0
399,1.0,0.5,1.0,0.5,0.0,0.5,1.0,0,0,0
400,1.0,0.5,1.0,1.0,1.0,0.5,0.5,1,0,0
401,1.0,0.0,1.0,0.5,0.0,0.0,0.5,1,0,0
402,1.0,0.0,0.5,0.0,0.0,0.0,0.5,1,0,1
403,1.0,0.5,1.0,1.0,1.0,0.0,1.0,1,0,0
404,1.0,1.0,1.0,0.0,1.0,1.0,0.0,0,0,0
405,1.0,0.5,1.0,1.0,1.0,0.0,0.5,1,0,0
406,1.0,1.0,1.0,0.5,0.0,0.5,1.0,1,0,0
407,1.0,0.5,1.0,0.5,0.0,0.5,0.5,1,0,0
408,1.0,0.5,1.0,0.0,1.0,0.0,0.5,1,0,0
409,0.0,0.5,1.0,0.5,0.5,0.5,0.5,1,0,0
410,1.0,0.5,0.5,1.0,1.0,0.5,0.0,1,0,0
411,1.0,0.0,1.0,1.0,1.0,0.5,0.5,1,0,0
412,1.0,0.5,0.0,0.0,1.0,0.0,0.5,1,0,0
413,1.0,1.0,1.0,0.0,1.0,0.5,0.5,1,0,0
414,1.0,1.0,1.0,0.0,1.0,1.0,0.5,0,0,0
415,1.0,1.0,0.5,0.5,0.0,0.5,0.0,1,0,0
416,0.0,0.0,1.0,0.0,0.0,1.0,0.0,1,0,0
417,1.0,0.0,1.0,1.0,1.0,1.0,1.0,0,0,0
418,1.0,0.5,1.0,1.0,1.0,0.5,0.5,1,0,0
419,0.0,0.5,0.5,0.0,0.0,1.0,0.0,0,0,1
420,0.0,0.5,0.0,0.0,0.0,1.0,0.0,1,0,1
421,0.0,0.0,0.5,0.0,0.0,1.0,0.0,1,0,1
422,1.0,0.5,1.0,0.5,0.5,0.0,0.5,1,0,0
423,0.5,0.0,0.5,0.0,0.0,0.5,0.0,0,0,1
424,0.0,0.0,1.0,1.0,1.0,1.0,0.0,0,0,1
425,1.0,0.5,1.0,0.0,0.0,1.0,1.0,0,0,0
426,0.5,0.0,0.0,0.5,0.5,1.0,1.0,0,1,1
427,0.0,0.0,0.5,0.0,0.0,0.5,1.0,1,1,1
428,1.0,0.5,1.0,1.0,1.0,0.5,0.0,0,0,0
429,0.0,0.5,1.0,1.0,1.0,0.0,0.5,1,1,0
430,1.0,1.0,1.0,1.0,1.0,1.0,0.5,1,0,0
431,0.5,0.0,1.0,0.5,1.0,0.0,0.5,1,0,1
432,1.0,0.5,1.0,1.0,1.0,0.5,0.5,1,0,0
433,0.0,0.5,0.0,0.0,0.0,1.0,0.0,0,0,1
434,1.0,0.5,0.0,1.0,1.0,0.5,1.0,0,0,0
435,1.0,0.5,1.0,1.0,0.5,0.0,0.0,1,0,0
436,1.0,0.5,0.0,1.0,1.0,1.0,0.5,0,0,0
437,0.0,0.0,0.5,0.0,0.5,0.5,0.5,1,0,1
438,1.0,0.5,0.0,1.0,0.0,0.0,1.0,1,0,0
439,0.0,0.5,0.0,0.0,0.0,0.5,0.5,1,0,1
440,1.0,0.5,1.0,0.5,0.5,0.5,0.0,1,0,0
441,1.0,0.5,1.0,1.0,1.0,1.0,1.0,0,0,0
442,1.0,0.5,1.0,0.5,0.5,1.0,0.0,0,0,0
443,1.0,0.5,1.0,1.0,0.5,1.0,0.5,0,0,0
444,1.0,0.5,1.0,1.0,1.0,0.5,0.5,1,0,0
445,1.0,0.0,0.5,0.5,0.0,1.0,0.0,0,0,0
446,1.0,0.0,0.5,0.0,1.0,0.0,1.0,1,0,0
447,0.0,0.0,0.0,0.0,0.0,0.0,0.5,1,0,1
448,1.0,1.0,1.0,0.0,1.0,1.0,1.0,0,1,0
449,0.5,0.5,0.0,0.5,0.5,1.0,0.5,0,0,1
450,1.0,1.0,1.0,0.0,1.0,0.0,0.5,1,0,0
451,1.0,0.5,1.0,0.0,1.0,0.0,0.0,1,1,0
452,1.0,0.5,1.0,0.5,0.0,0.5,0.0,1,0,0
453,1.0,0.5,1.0,1.0,0.5,0.0,0.5,1,0,0
454,0.5,0.0,0.0,0.5,1.0,1.0,0.0,1,0,1
455,0.0,0.0,1.0,0.5,0.5,1.0,0.0,0,0,1
456,1.0,0.5,0.0,0.0,1.0,1.0,0.5,1,0,0
457,0.5,0.5,0.5,0.5,1.0,0.5,0.0,1,0,1
458,1.0,0.0,1.0,0.0,1.0,0.0,0.5,1,0,0
459,0.0,0.0,1.0,1.0,1.0,1.0,0.0,0,0,1
460,1.0,1.0,1.0,0.0,0.0,0.0,0.5,1,1,0
461,1.0,0.0,0.5,0.0,1.0,0.5,0.5,1,0,1
462,0.0,0.5,0.0,0.0,0.0,0.5,0.0,1,0,1
463,1.0,0.5,1.0,0.5,0.5,1.0,1.0,0,0,0
464,0.5,0.5,1.0,0.5,1.0,0.5,0.0,0,0,1
465,0.0,0.0,1.0,0.0,0.0,0.0,0.0,1,1,1
466,1.0,0.0,0.5,1.0,0.0,1.0,0.0,0,0,1
467,0.5,0.0,0.0,0.5,0.5,1.0,0.5,0,0,1
468,1.0,0.5,1.0,1.0,1.0,0.5,1.0,1,0,0
469,1.0,1.0,0.0,1.0,0.5,1.0,0.5,0,0,0
470,1.0,1.0,1.0,0.5,0.0,0.5,1.0,1,0,0
471,0.0,0.0,0.0,0.0,0.0,0.0,0.5,1,0,1
472,0.5,0.5,0.0,0.5,1.0,0.0,0.5,1,0,1
473,0.5,0.0,1.0,0.5,1.0,0.0,0.5,1,0,1
474,0.5,0.0,1.0,0.0,0.0,0.5,0.0,0,0,1
475,1.0,0.5,1.0,1.0,1.0,0.5,0.5,0,0,0
476,1.0,0.5,1.0,0.0,1.0,0.0,0.5,1,0,0
477,1.0,1.0,0.0,0.0,0.0,1.0,0.5,0,0,0
478,1.0,0.5,0.0,0.0,0.0,1.0,0.5,1,0,0
479,0.0,0.5,0.0,0.0,0.0,1.0,0.0,0,0,1
480,0.0,0.5,0.0,0.5,0.0,0.5,0.5,1,0,1
481,1.0,0.5,1.0,0.0,1.0,0.0,1.0,1,0,0
482,1.0,0.5,1.0,0.5,0.0,0.0,0.5,1,0,0
483,0.0,0.0,0.5,0.5,0.0,0.5,0.5,1,0,1
484,0.0,0.5,0.5,0.0,0.0,0.5,0.0,1,0,1
485,1.0,0.0,0.5,1.0,1.0,1.0,0.0,1,0,0
486,1.0,0.5,1.0,1.0,1.0,0.5,1.0,1,0,0
487,0.0,0.5,0.0,0.0,0.0,0.5,0.0,1,0,1
488,0.0,0.5,1.0,0.0,0.0,0.0,0.5,1,1,1
489,0.0,0.5,0.5,0.0,0.0,0.5,0.0,1,0,1
490,0.5,0.5,0.0,0.5,1.0,1.0,1.0,0,0,1
491,0.0,0.0,0.5,0.0,0.0,1.0,1.0,0,1,1
492,1.0,0.0,0.5,1.0,1.0,0.0,0.5,1,1,1
493,1.0,0.5,1.0,1.0,1.0,0.0,1.0,1,0,0
494,0.0,0.5,0.0,0.0,0.0,0.0,0.0,1,0,1
495,0.5,0.5,0.5,0.5,1.0,1.0,0.0,0,0,1
496,1.0,0.0,0.5,0.0,0.0,0.5,0.5,1,0,1
497,0.0,0.5,1.0,0.5,0.0,1.0,1.0,0,0,0
498,0.0,0.5,0.0,0.5,0.0,0.0,0.5,1,0,1
499,1.0,0.5,1.0,0.5,0.0,0.5,0.5,0,0,0
500,1.0,0.0,0.5,0.5,0.0,0.5,0.5,1,0,1
501,1.0,0.5,1.0,1.0,1.0,0.0,0.0,1,0,0
502,1.0,0.5,1.0,0.0,1.0,0.0,0.5,1,0,0
503,1.0,1.0,1.0,0.0,1.0,0.5,1.0,1,0,0
504,1.0,0.5,1.0,0.5,0.5,0.0,1.0,1,1,0
505,0.0,0.5,1.0,0.0,1.0,0.0,1.0,1,0,1
506,0.0,0.5,0.0,0.5,0.0,1.0,0.0,0,0,1
507,0.0,0.5,1.0,0.5,0.5,0.5,0.5,0,0,0
508,0.5,0.5,0.0,0.5,0.5,1.0,0.0,1,0,1
509,1.0,0.5,1.0,0.5,0.5,1.0,1.0,0,1,0
510,1.0,0.5,1.0,0.0,1.0,0.5,0.5,0,0,0
511,0.0,0.0,0.5,0.0,0.0,1.0,0.0,0,0,1
512,1.0,0.0,1.0,0.5,0.5,1.0,0.5,0,0,0
513,1.0,1.0,1.0,0.0,1.0,0.0,0.5,1,1,0
514,1.0,1.0,1.0,0.5,0.0,0.0,0.0,1,0,0
515,1.0,0.0,0.5,0.0,0.5,0.0,0.0,1,0,0
516,0.5,0.5,1.0,0.5,1.0,0.5,0.0,1,0,1
517,1.0,0.5,1.0,0.0,1.0,1.0,0.5,1,0,0
518,1.0,1.0,1.0,1.0,1.0,0.0,0.5,1,1,0
519,1.0,0.5,1.0,0.5,0.0,0.5,1.0,1,0,0
520,1.0,1.0,1.0,0.0,0.0,0.0,0.5,1,0,0
521,1.0,0.5,1.0,0.0,0.0,1.0,1.0,1,0,0
522,1.0,0.0,0.5,1.0,0.0,0.0,0.0,1,0,0
523,1.0,0.5,1.0,0.5,0.0,0.5,1.0,0,0,0
524,1.0,0.5,1.0,0.5,0.0,0.0,0.5,1,0,0
525,0.0,0.0,0.5,0.0,0.0,0.5,0.5,0,0,1
526,1.0,0.5,1.0,1.0,1.0,1.0,0.5,0,0,0
527,0.0,0.0,0.0,0.5,0.0,0.0,1.0,1,0,1
528,0.5,0.0,0.0,0.5,1.0,0.5,0.0,0,0,1
529,1.0,0.0,1.0,0.0,1.0,1.0,0.0,1,0,0
530,1.0,0.5,1.0,0.0,1.0,0.0,1.0,1,0,0
531,1.0,0.0,1.0,0.0,1.0,1.0,0.5,1,0,0
532,0.0,0.0,0.0,0.0,0.0,0.5,0.5,0,0,1
533,0.5,0.0,0.5,0.5,1.0,0.0,0.0,1,0,1
534,0.0,0.0,1.0,1.0,0.0,1.0,0.5,0,0,0
535,0.0,0.0,1.0,1.0,1.0,1.0,0.5,0,0,1
536,1.0,1.0,1.0,1.0,1.0,0.5,0.0,1,0,0
537,1.0,0.0,1.0,0.0,1.0,0.0,0.5,1,0,0
538,1.0,0.0,1.0,0.0,1.0,0.5,0.5,1,0,0
539,1.0,0.0,0.5,0.5,0.0,0.5,0.5,1,0,1
540,1.0,0.5,0.0,0.0,1.0,0.0,0.5,1,0,0
541,1.0,1.0,1.0,0.0,1.0,0.0,0.0,1,0,0
542,1.0,0.5,1.0,1.0,0.5,0.5,1.0,1,0,0
543,1.0,0.0,0.5,0.0,1.0,0.5,0.0,1,0,1
544,0.5,0.5,0.0,0.5,0.5,0.5,0.0,0,0,1
545,1.0,0.5,0.0,0.0,0.0,1.0,0.0,0,0,1
546,0.0,0.5,0.5,0.0,0.0,0.5,0.5,0,0,1
547,0.5,0.0,0.0,0.5,1.0,0.5,0.0,0,0,1
548,1.0,0.5,1.0,1.0,1.0,0.5,0.5,1,0,0
549,0.0,0.5,1.0,0.5,0.5,0.0,1.0,1,0,0
550,0.0,0.5,0.0,1.0,1.0,1.0,0.5,1,0,0
551,1.0,1.0,1.0,1.0,1.0,0.0,0.5,1,0,0
552,0.0,0.0,1.0,0.0,0.0,0.5,0.0,1,1,1
553,0.5,0.0,0.5,0.5,1.0,1.0,0.5,1,0,1
554,0.0,0.5,0.5,0.0,0.0,0.5,0.5,1,0,1
555,1.0,0.5,0.5,0.0,1.0,0.0,0.0,1,1,0
556,1.0,0.5,1.0,0.5,0.0,0.5,0.5,0,0,0
557,1.0,0.0,0.5,0.0,0.0,0.5,0.0,1,0,0
558,1.0,0.5,1.0,1.0,1.0,1.0,0.0,1,0,0
559,1.0,0.5,1.0,0.5,0.0,0.0,0.0,1,0,0
560,0.0,0.0,0.5,0.0,0.0,1.0,0.5,1,0,1
561,1.0,0.5,1.0,1.0,0.5,0.0,0.5,1,0,0
562,0.5,0.0,0.5,0.5,1.0,0.5,0.5,1,0,1
563,1.0,1.0,1.0,0.0,1.0,0.0,0.0,1,0,0
564,1.0,1.0,1.0,0.0,1.0,0.0,0.5,1,0,0
565,1.0,1.0,1.0,1.0,1.0,1.0,1.0,0,0,0
566,1.0,0.0,1.0,0.0,1.0,1.0,1.0,0,0,0
567,1.0,0.5,1.0,1.0,1.0,0.0,1.0,1,0,0
568,0.5,0.5,0.0,0.5,1.0,1.0,0.5,0,0,1
569,1.0,0.0,1.0,0.0,0.0,1.0,0.0,0,0,1
570,0.5,0.0,0.0,0.5,1.0,0.0,0.5,1,0,1
571,1.0,0.5,1.0,0.0,1.0,0.5,1.0,1,0,0
572,0.0,0.0,0.0,0.5,0.0,1.0,0.0,0,0,1
573,1.0,0.0,0.5,0.0,1.0,1.0,0.5,1,0,0
574,1.0,0.0,1.0,1.0,1.0,0.0,1.0,1,0,0
575,1.0,0.5,0.5,1.0,1.0,0.0,1.0,1,0,0
576,1.0,1.0,1.0,0.0,1.0,0.0,0.5,1,1,0
577,1.0,0.5,1.0,0.5,0.0,0.5,0.5,1,0,0
578,1.0,0.5,1.0,1.0,1.0,0.5,0.0,1,0,0
579,1.0,0.5,1.0,0.0,0.0,0.0,0.0,1,1,0
580,0.0,0.0,1.0,0.5,0.0,1.0,0.0,1,0,0
581,1.0,0.5,1.0,0.0,0.0,1.0,0.0,1,0,0
582,1.0,1.0,1.0,0.0,0.0,0.0,0.0,1,0,0
583,1.0,1.0,1.0,1.0,1.0,0.0,1.0,1,0,0
584,1.0,0.5,1.0,0.5,0.0,0.0,0.0,1,0,0
585,0.0,0.0,0.0,0.0,0.0,1.0,0.5,0,0,1
586,0.0,0.5,0.0,0.0,0.0,1.0,0.5,0,0,1
587,1.0,0.0,1.0,1.0,1.0,0.0,0.0,1,0,0
588,1.0,1.0,1.0,0.0,1.0,0.0,0.5,1,0,0
589,1.0,0.0,0.5,0.5,0.0,0.5,1.0,0,0,1
590,1.0,0.0,0.5,0.0,0.0,0.5,0.0,1,0,1
591,0.0,0.0,0.5,0.0,0.0,1.0,0.0,0,0,1
592,1.0,0.5,1.0,1.0,1.0,1.0,1.0,1,0,0
593,1.0,0.5,1.0,0.0,1.0,1.0,1.0,1,0,0
594,1.0,0.5,1.0,0.0,1.0,0.0,0.5,1,0,0
595,1.0,1.0,1.0,0.0,1.0,0.0,1.0,1,0,0
596,1.0,0.5,1.0,1.0,1.0,0.0,0.0,1,0,0
597,0.0,0.0,0.0,0.0,0.0,0.5,0.0,0,0,1
598,1.0,0.5,1.0,0.0,0.0,0.0,0.0,1,0,0
599,1.0,0.0,1.0,0.0,0.0,0.5,0.5,1,0,0
600,0.0,0.0,0.5,0.5,0.0,0.5,0.0,0,0,1
601,1.0,0.0,0.5,0.0,1.0,0.5,0.0,1,0,0
602,1.0,1.0,0.5,1.0,1.0,0.0,0.0,1,0,0
603,1.0,0.5,1.0,1.0,0.5,0.5,0.0,0,1,0
604,1.0,0.5,0.0,1.0,1.0,0.0,1.0,1,0,0
605,1.0,0.5,1.0,0.5,0.0,0.5,0.0,0,0,0
606,1.0,0.5,1.0,1.0,1.0,0.5,1.0,0,0,0
607,0.0,0.0,1.0,0.5,0.5,0.0,0.5,1,0,0
608,0.0,0.0,0.0,0.5,0.0,0.0,0.5,1,0,1
609,1.0,0.0,0.5,0.0,0.0,0.0,1.0,1,0,0
610,1.0,1.0,0.0,1.0,1.0,1.0,0.5,0,0,0
611,1.0,1.0,1.0,1.0,0.5,0.5,0.5,1,0,0
612,0.0,0.0,0.5,1.0,1.0,0.0,0.5,1,0,0
613,0.0,0.5,0.0,0.0,0.0,1.0,0.5,1,0,1
614,1.0,0.5,1.0,0.0,1.0,0.5,0.5,1,0,0
615,1.0,0.5,1.0,0.0,1.0,0.0,1.0,1,1,0
616,1.0,0.5,1.0,1.0,0.5,0.5,0.5,1,0,0
617,1.0,0.5,1.0,0.0,1.0,0.0,0.0,1,0,0
618,1.0,0.5,1.0,0.0,0.0,0.5,0.5,1,0,0
619,1.0,0.5,1.0,1.0,1.0,1.0,0.5,0,0,0
620,1.0,1.0,1.0,1.0,1.0,0.0,0.0,1,0,0
621,0.0,0.0,1.0,0.0,0.0,0.5,0.5,1,0,1
622,1.0,0.0,0.5,0.0,1.0,0.0,0.0,1,0,0
623,1.0,0.5,1.0,0.5,0.0,0.5,1.0,1,0,0
624,1.0,0.5,1.0,1.0,1.0,1.0,1.0,1,1,0
625,0.0,0.0,0.0,0.0,0.0,0.5,0.5,1,0,1
626,1.0,0.5,1.0,0.0,1.0,0.5,0.0,1,0,0
627,0.0,0.0,0.0,0.0,0.0,1.0,0.0,0,0,1
628,1.0,0.5,1.0,0.0,1.0,1.0,1.0,1,1,0
629,0.0,0.5,1.0,0.0,0.0,0.5,0.0,0,0,1
630,0.0,0.0,1.0,0.5,0.0,0.5,0.5,1,0,1
631,0.0,0.0,0.5,0.0,0.0,0.0,0.0,1,0,1
632,1.0,0.0,0.5,1.0,1.0,0.0,0.0,1,0,0
633,1.0,1.0,1.0,1.0,1.0,0.0,1.0,1,0,0
634,1.0,1.0,1.0,1.0,0.5,0.0,0.0,1,1,0
635,0.0,0.5,0.5,0.0,1.0,0.5,0.0,1,0,1
636,0.0,0.0,1.0,0.0,0.0,0.0,0.5,1,0,1
637,0.5,0.0,0.5,0.5,1.0,0.0,0.5,1,0,1
638,0.0,0.0,0.5,0.0,0.0,0.5,0.0,1,0,1
639,1.0,0.0,0.5,0.0,0.5,0.5,0.0,0,0,1
640,1.0,0.5,0.5,1.0,0.0,0.5,0.5,1,0,0
641,0.0,0.0,0.5,0.5,0.0,1.0,0.5,0,0,1
642,0.0,0.5,0.0,0.0,0.0,1.0,0.5,0,0,1
643,1.0,0.5,1.0,1.0,1.0,1.0,0.5,1,0,0
644,1.0,1.0,1.0,0.5,0.5,0.0,0.5,1,1,0
645,0.0,1.0,1.0,0.5,0.5,0.0,1.0,1,0,0
646,0.5,0.0,0.0,0.5,0.5,0.5,1.0,0,1,1
647,1.0,0.5,0.0,1.0,0.0,0.5,0.5,0,0,0
648,0.5,0.0,0.5,0.5,1.0,1.0,0.5,0,0,1
649,1.0,0.5,1.0,0.0,1.0,0.5,0.5,1,0,0
650,1.0,0.5,1.0,0.0,1.0,0.0,0.0,1,0,0
651,1.0,0.5,1.0,0.5,0.0,1.0,0.5,0,0,0
652,0.0,0.0,0.5,0.0,0.0,1.0,0.5,0,0,1
653,0.0,0.0,0.0,0.5,0.0,1.0,1.0,0,1,1
654,1.0,0.0,1.0,0.0,0.0,1.0,0.0,0,0,1
655,1.0,0.5,1.0,0.5,0.0,1.0,0.5,0,1,0
656,0.0,0.5,0.5,0.5,0.0,1.0,0.0,1,0,1
657,1.0,0.0,1.0,0.0,1.0,0.5,1.0,1,0,0
658,1.0,0.0,1.0,0.0,0.0,1.0,0.0,0,0,1
659,0.0,0.0,0.0,0.0,0.0,0.5,0.5,0,0,1
660,1.0,0.5,1.0,1.0,1.0,0.5,1.0,0,0,0
661,0.5,0.0,0.0,0.5,1.0,0.5,0.0,1,0,1
662,0.0,0.5,1.0,1.0,1.0,0.5,1.0,1,0,0
663,0.5,0.5,0.0,0.5,1.0,1.0,0.5,0,0,1
664,0.5,0.5,1.0,0.5,1.0,0.0,0.5,1,1,1
665,0.5,0.0,0.5,0.5,1.0,0.0,0.5,1,0,1
666,0.0,0.0,1.0,0.0,0.5,1.0,0.0,0,0,0
667,0.0,0.5,0.0,0.0,0.0,1.0,0.5,0,0,1
668,1.0,0.5,1.0,1.0,0.5,1.0,0.5,0,0,0
669,0.0,0.5,1.0,0.0,0.0,1.0,0.0,0,0,1
670,1.0,0.5,1.0,0.5,0.0,0.0,0.5,1,0,0
671,0.0,0.0,0.5,0.0,0.0,1.0,0.5,0,0,1
672,0.0,0.0,0.0,0.0,1.0,0.5,0.5,1,0,1
673,0.0,0.0,1.0,0.0,0.0,0.0,0.5,1,0,1
674,0.5,0.5,0.0,0.5,1.0,0.5,0.5,0,0,1
675,0.0,0.0,0.0,0.5,0.0,0.0,0.5,1,0,1
676,1.0,1.0,1.0,1.0,1.0,1.0,0.0,0,0,0
677,0.0,0.5,0.0,0.0,0.0,1.0,0.5,0,0,1
678,1.0,0.5,1.0,0.0,0.0,1.0,0.5,0,0,0
679,1.0,0.5,1.0,1.0,0.5,1.0,0.5,0,1,0
680,1.0,0.5,1.0,0.0,1.0,1.0,0.5,0,0,0
681,0.0,0.0,0.0,0.0,0.0,0.5,0.5,0,0,1
682,1.0,1.0,1.0,0.0,1.0,0.5,0.5,0,0,0
683,1.0,0.5,1.0,0.0,0.0,0.0,0.0,1,0,0
684,1.0,1.0,1.0,0.0,1.0,0.5,0.0,0,0,0
685,1.0,1.0,0.0,1.0,1.0,0.0,1.0,1,0,0
686,0.0,0.0,0.5,0.0,0.0,0.0,0.0,1,0,1
687,1.0,1.0,1.0,0.5,0.0,0.0,0.5,1,0,0
688,1.0,1.0,1.0,0.0,1.0,0.5,0.0,1,0,0
689,0.5,0.0,0.0,0.5,1.0,1.0,0.5,0,0,1
690,0.0,0.0,1.0,0.0,0.0,0.0,0.0,1,0,1
691,1.0,0.0,1.0,1.0,1.0,0.5,0.0,1,0,0
692,1.0,0.0,1.0,1.0,0.5,0.0,0.5,1,0,0
693,1.0,0.5,1.0,1.0,1.0,0.0,0.5,1,0,0
694,1.0,0.5,1.0,0.0,1.0,1.0,0.5,0,0,0
695,1.0,1.0,1.0,0.0,0.0,0.0,0.5,1,0,0
696,0.5,0.0,0.5,0.5,1.0,0.5,0.5,0,0,1
697,1.0,0.5,1.0,1.0,1.0,1.0,0.0,0,0,0
698,1.0,0.5,1.0,0.0,0.0,0.0,0.5,1,0,0
699,1.0,0.5,1.0,0.0,1.0,0.0,1.0,1,0,0
700,0.5,0.0,0.0,0.5,0.5,1.0,1.0,0,0,1
701,1.0,0.5,1.0,0.0,1.0,1.0,0.0,0,1,0
702,0.5,0.0,0.0,0.5,1.0,1.0,1.0,0,0,1
703,0.0,0.0,0.5,0.0,0.0,1.0,0.0,0,0,1
704,0.0,0.0,1.0,0.0,0.0,1.0,0.5,1,0,1
705,1.0,0.0,0.5,0.0,0.0,0.0,0.5,1,0,0
706,0.0,0.0,1.0,0.0,0.0,0.5,0.0,0,0,1
707,0.0,0.0,0.0,0.0,0.0,0.5,0.5,1,0,1
708,0.0,0.5,0.5,0.0,0.0,0.5,0.5,0,0,1
709,0.0,0.5,0.5,0.0,0.0,0.5,1.0,0,1,1
710,1.0,1.0,1.0,0.0,1.0,0.5,1.0,1,0,0
711,1.0,0.5,1.0,0.0,1.0,1.0,0.5,0,0,0
712,1.0,0.0,0.5,1.0,1.0,0.0,0.0,1,0,1
713,0.5,0.0,0.0,0.5,1.0,1.0,0.5,0,0,1
714,1.0,0.0,1.0,1.0,1.0,0.5,0.0,1,0,0
715,0.0,1.0,0.5,0.5,0.0,0.0,1.0,1,1,0
716,0.5,0.5,0.0,0.5,1.0,1.0,0.5,1,0,1
717,1.0,0.0,0.5,0.0,0.0,0.0,0.0,1,0,1
718,1.0,0.5,0.0,1.0,1.0,0.5,0.5,0,0,0
719,1.0,0.5,0.5,1.0,0.0,0.5,0.5,1,0,0
720,0.0,0.0,1.0,0.5,0.0,0.5,1.0,0,1,1
721,0.0,0.0,0.5,0.0,0.0,0.5,0.5,1,0,1
722,1.0,0.5,1.0,0.5,0.0,0.5,1.0,1,0,0
723,0.0,0.0,0.5,0.0,0.0,0.5,0.5,1,0,1
724,0.0,0.5,0.0,1.0,0.0,1.0,0.0,0,0,1
725,1.0,0.5,0.0,0.5,0.0,0.5,1.0,0,1,0
726,1.0,0.0,1.0,1.0,0.5,1.0,1.0,0,0,0
727,1.0,0.0,0.0,1.0,1.0,1.0,0.5,0,0,1
728,1.0,1.0,1.0,0.0,0.0,0.0,0.5,1,0,0
729,0.0,0.0,1.0,0.0,0.5,1.0,0.5,0,0,1
730,1.0,1.0,1.0,1.0,1.0,0.5,1.0,1,0,0
731,1.0,0.0,0.5,0.0,0.0,1.0,0.0,0,0,1
732,0.0,0.0,0.5,0.0,0.0,1.0,0.5,0,0,1
733,0.5,0.0,1.0,0.5,1.0,1.0,0.0,0,0,1
734,1.0,0.0,1.0,0.5,1.0,0.5,0.0,0,0,0
735,1.0,0.5,1.0,1.0,1.0,0.5,0.5,0,0,0
736,0.0,0.0,0.0,0.0,0.0,1.0,0.5,0,0,1
737,0.0,0.5,0.5,0.0,0.0,1.0,0.0,0,0,1
738,1.0,0.5,0.0,1.0,1.0,1.0,0.0,0,0,0
739,0.5,0.5,1.0,0.5,1.0,1.0,0.5,0,0,1
740,1.0,0.5,1.0,1.0,1.0,0.0,0.5,1,0,0
741,0.0,0.0,1.0,0.0,0.0,0.0,0.0,1,0,1
742,1.0,0.5,1.0,0.5,0.0,1.0,0.0,0,0,0
743,1.0,0.5,0.0,1.0,1.0,1.0,0.0,0,0,0
744,0.0,0.0,0.0,0.0,0.0,0.5,0.0,1,0,1
745,1.0,1.0,1.0,0.0,1.0,1.0,1.0,0,0,0
746,1.0,0.0,0.5,0.0,1.0,0.0,0.5,1,0,0
747,0.0,0.0,1.0,0.0,1.0,1.0,0.5,1,0,1
748,0.5,0.5,0.0,0.5,0.5,0.5,1.0,0,1,1
749,1.0,0.0,0.5,1.0,1.0,0.0,0.5,1,0,0
750,1.0,0.5,1.0,0.0,0.0,0.5,0.5,1,0,0
751,1.0,0.0,0.5,0.0,0.0,0.5,0.5,1,0,1
752,1.0,0.5,1.0,0.5,0.0,0.0,0.5,1,0,0
753,0.0,0.5,0.0,0.0,0.0,0.0,0.0,1,0,1
754,0.0,0.0,0.5,0.0,0.0,0.5,0.5,1,0,1
755,1.0,0.5,1.0,0.5,0.0,0.5,0.0,1,0,0
756,1.0,0.0,1.0,0.0,1.0,0.0,1.0,1,0,0
757,1.0,0.0,1.0,1.0,1.0,1.0,1.0,0,0,1
758,1.0,0.5,0.0,1.0,1.0,1.0,1.0,0,1,0
759,1.0,0.5,0.5,1.0,1.0,0.5,0.5,1,0,1
760,0.0,0.0,0.5,0.5,0.0,0.5,1.0,0,1,1
761,1.0,0.5,1.0,0.0,0.0,0.5,0.0,1,0,0
762,1.0,0.5,1.0,0.5,0.5,0.0,0.5,1,1,0
763,1.0,0.5,1.0,1.0,1.0,0.0,0.0,1,0,0
764,0.0,0.5,0.0,0.0,1.0,0.5,0.0,0,0,1
765,1.0,0.5,0.0,0.0,1.0,1.0,0.5,1,0,0
766,1.0,0.0,1.0,0.0,0.0,0.5,0.0,0,0,1
767,1.0,0.5,1.0,0.0,0.0,0.0,0.0,1,0,0
768,1.0,0.0,0.5,0.5,0.0,1.0,0.0,0,0,1
769,1.0,0.5,1.0,1.0,1.0,1.0,0.0,0,0,0
770,1.0,1.0,1.0,1.0,1.0,0.5,1.0,1,0,0
771,1.0,0.5,1.0,0.5,0.0,0.0,0.0,1,0,0
772,1.0,0.0,1.0,1.0,0.5,0.0,0.0,1,0,0
773,0.0,0.0,0.5,0.0,0.0,0.5,0.5,1,0,1
774,1.0,0.0,1.0,0.5,0.0,0.5,1.0,1,0,0
775,1.0,1.0,1.0,0.0,1.0,0.0,0.0,1,0,0
776,1.0,0.5,1.0,0.5,0.0,0.5,0.0,1,0,0
777,0.0,0.0,0.5,1.0,1.0,0.5,0.0,1,0,1
778,0.0,0.5,0.0,1.0,1.0,0.5,0.5,0,0,1
779,1.0,1.0,1.0,0.5,0.0,1.0,0.0,0,0,0
780,0.0,0.5,0.0,0.0,0.0,0.5,0.5,0,0,1
781,1.0,0.0,0.0,1.0,1.0,1.0,0.0,0,0,1
782,0.0,0.0,1.0,0.0,0.0,1.0,0.0,1,0,1
783,1.0,0.5,1.0,1.0,0.5,0.5,0.5,0,0,0
784,0.5,0.5,0.0,0.5,1.0,1.0,0.5,0,0,1
785,1.0,0.5,1.0,0.0,0.0,1.0,0.0,0,0,1
786,0.0,0.0,1.0,0.5,0.0,0.5,0.5,0,0,1
787,1.0,0.0,1.0,0.5,0.0,0.0,1.0,1,0,0
788,0.5,0.0,0.0,0.5,1.0,1.0,0.0,0,0,1
789,1.0,0.5,1.0,0.0,1.0,0.0,1.0,1,0,0
790,1.0,0.5,1.0,1.0,1.0,0.5,0.0,1,0,0
791,1.0,1.0,1.0,1.0,1.0,1.0,0.5,0,0,0
792,0.5,0.0,0.5,0.5,1.0,0.0,0.5,1,0,1
793,1.0,0.0,0.5,1.0,1.0,0.5,0.0,1,0,1
794,1.0,0.5,1.0,1.0,1.0,0.5,0.5,0,0,0
795,0.0,0.5,0.0,0.0,0.0,0.5,0.0,0,0,1
796,0.0,0.0,0.0,0.5,0.0,1.0,0.0,0,0,1
797,0.0,0.0,0.0,0.5,0.0,0.5,0.5,1,0,1
798,0.0,0.0,1.0,0.5,0.0,1.0,0.0,0,0,0
799,0.0,0.0,0.0,0.0,0.0,0.5,0.5,0,0,1
800,1.0,0.0,0.5,0.0,0.0,0.0,0.0,1,0,0
801,1.0,0.5,1.0,1.0,1.0,0.0,1.0,1,0,0
802,0.0,0.0,1.0,0.0,0.0,1.0,0.0,0,0,1
803,0.0,0.0,0.0,0.0,0.0,1.0,0.5,0,0,1
804,1.0,0.5,0.5,1.0,1.0,0.5,0.5,1,0,0
805,1.0,0.5,0.0,1.0,1.0,0.0,0.5,1,0,0
806,0.0,0.0,0.5,0.0,0.0,1.0,0.0,0,0,1
807,1.0,0.5,0.0,1.0,1.0,1.0,0.0,0,0,1
808,0.0,0.0,0.0,0.0,0.0,0.0,0.5,1,0,1
809,0.0,0.5,0.0,0.5,0.0,0.5,1.0,0,0,0
810,0.5,0.0,0.0,0.5,0.5,0.5,0.5,1,0,1
811,0.0,0.5,1.0,1.0,1.0,0.0,0.5,1,1,0
812,1.0,1.0,1.0,0.0,1.0,1.0,1.0,0,0,0
813,1.0,0.0,0.5,0.0,0.0,0.5,0.0,0,0,1
814,0.0,0.5,0.5,0.5,0.0,0.5,0.5,1,0,1
815,0.0,0.5,0.5,0.0,0.0,1.0,0.0,0,0,1
816,1.0,0.5,0.5,1.0,1.0,0.0,0.5,1,0,0
817,1.0,0.5,1.0,1.0,1.0,1.0,1.0,1,0,0
818,1.0,1.0,1.0,0.0,1.0,1.0,1.0,0,0,0
819,0.0,0.0,0.0,0.5,0.0,1.0,1.0,0,1,1
820,1.0,0.5,1.0,1.0,1.0,0.0,0.5,1,0,0
821,0.0,0.0,0.5,0.5,0.0,1.0,0.0,0,0,1
822,0.0,0.5,0.0,0.0,0.0,1.0,0.0,0,0,1
823,1.0,0.5,1.0,0.0,1.0,0.0,0.5,1,1,0
824,0.0,0.0,1.0,1.0,0.0,1.0,0.0,0,0,1
825,0.0,0.0,0.5,0.0,1.0,0.0,1.0,1,0,0
826,0.0,0.5,0.0,0.0,0.0,0.5,0.0,1,0,1
827,0.5,0.5,0.5,0.5,1.0,1.0,0.5,1,0,1
828,1.0,0.5,1.0,1.0,1.0,0.5,0.0,0,0,0
829,0.0,0.5,0.0,0.0,0.0,1.0,0.5,0,0,1
830,1.0,1.0,1.0,0.0,1.0,0.5,1.0,1,0,0
831,1.0,1.0,1.0,1.0,0.5,0.5,1.0,1,0,0
832,1.0,0.5,0.5,1.0,1.0,0.5,0.5,1,0,0
833,1.0,0.5,1.0,0.5,0.0,0.5,1.0,1,0,0
834,1.0,1.0,1.0,0.0,1.0,0.0,0.5,1,0,0
835,1.0,0.5,1.0,0.5,0.5,0.5,1.0,1,1,0
836,0.5,0.0,0.0,0.5,1.0,0.5,0.5,1,0,1
837,1.0,1.0,1.0,0.0,1.0,0.5,1.0,0,0,0
838,1.0,0.5,0.5,1.0,1.0,1.0,0.0,0,0,0
839,1.0,1.0,1.0,0.5,0.5,0.5,0.5,1,0,0
840,1.0,0.5,1.0,0.0,1.0,0.0,1.0,1,0,0
841,0.0,0.0,0.0,0.5,0.0,0.5,1.0,0,0,1
842,1.0,0.5,1.0,0.0,1.0,0.5,0.0,1,0,0
843,0.0,0.5,1.0,0.0,0.5,0.0,1.0,1,0,0
844,0.0,0.0,0.5,0.0,0.0,0.5,0.0,1,0,1
845,1.0,0.5,1.0,0.0,1.0,0.5,1.0,0,0,0
846,0.0,0.0,1.0,0.0,0.0,0.5,0.5,1,0,1
847,0.0,0.0,0.0,0.0,1.0,1.0,0.5,0,0,1
848,1.0,0.5,1.0,0.0,0.0,0.0,0.5,1,0,0
849,0.0,0.0,0.0,0.0,0.0,0.0,0.0,1,0,1
850,1.0,1.0,1.0,0.0,1.0,0.0,0.5,1,0,0
851,0.0,0.0,0.5,0.5,0.0,1.0,0.0,1,0,1
852,0.5,0.0,1.0,0.5,1.0,0.5,0.0,0,0,1
853,0.0,0.5,1.0,0.0,1.0,1.0,1.0,0,1,1
854,1.0,0.5,1.0,1.0,1.0,0.5,1.0,1,0,0
855,1.0,1.0,1.0,0.0,1.0,0.0,1.0,1,0,0
856,1.0,1.0,0.0,1.0,1.0,0.5,1.0,1,0,0
857,1.0,0.5,1.0,0.0,1.0,0.5,1.0,1,0,0
858,1.0,0.5,1.0,1.0,1.0,1.0,1.0,0,0,0
859,0.0,0.0,1.0,0.0,0.0,0.5,0.5,1,0,1
860,1.0,0.5,1.0,1.0,1.0,1.0,0.5,1,0,0
861,0.5,0.5,0.0,0.5,1.0,1.0,0.0,0,0,1
862,1.0,0.5,1.0,1.0,1.0,0.5,0.0,0,1,0
863,1.0,0.5,0.0,1.0,1.0,1.0,0.5,0,0,0
864,1.0,0.5,1.0,0.5,0.0,0.5,1.0,0,0,0
865,1.0,0.5,1.0,0.0,1.0,0.0,0.5,1,0,0
866,1.0,0.5,0.5,1.0,1.0,0.0,0.5,1,0,0
867,1.0,0.5,0.0,0.0,0.0,1.0,0.0,0,0,1
868,1.0,0.0,1.0,1.0,1.0,0.5,1.0,1,0,0
869,0.0,0.5,0.0,0.0,0.0,0.5,0.5,0,0,1
870,1.0,0.5,1.0,0.0,1.0,0.0,0.5,1,0,0
871,0.5,0.0,0.5,0.5,1.0,1.0,0.5,0,0,1
872,0.5,0.5,0.0,0.5,1.0,0.0,0.0,1,0,1
873,1.0,0.5,0.0,1.0,1.0,1.0,0.5,0,0,0
874,1.0,0.5,1.0,1.0,1.0,1.0,1.0,0,0,0
875,1.0,0.5,1.0,0.0,0.0,0.5,0.5,1,1,0
876,1.0,0.5,0.0,1.0,1.0,1.0,0.5,0,0,1
877,0.0,0.0,0.0,0.0,1.0,1.0,0.0,0,0,1
878,1.0,0.5,0.5,0.5,0.0,1.0,0.5,0,0,0
879,1.0,0.5,1.0,0.5,0.5,1.0,1.0,0,1,0
880,0.0,0.0,0.0,0.0,0.0,0.5,0.0,1,0,1
881,0.5,0.5,0.0,0.5,1.0,0.5,0.5,1,0,1
882,0.0,0.0,0.5,0.5,0.0,1.0,0.0,0,0,1
883,1.0,0.5,1.0,1.0,1.0,1.0,0.0,0,0,0
884,1.0,0.5,0.5,0.5,0.0,0.0,0.5,1,0,0
885,1.0,0.5,1.0,1.0,1.0,1.0,0.5,0,0,0
886,0.0,1.0,0.5,0.5,0.0,0.5,0.0,1,0,0
887,1.0,0.5,0.0,0.0,1.0,1.0,0.0,0,0,0
888,1.0,0.5,1.0,0.0,1.0,0.0,0.0,1,1,0
889,1.0,1.0,1.0,0.0,1.0,0.0,0.0,1,1,0
890,0.0,0.5,0.0,0.0,0.0,0.0,0.5,1,0,1
891,0.0,0.0,0.0,0.0,1.0,1.0,0.0,0,0,1
892,0.0,0.5,1.0,0.0,0.5,1.0,0.0,1,0,1
893,1.0,1.0,1.0,1.0,1.0,0.5,0.5,1,0,0
894,0.0,1.0,1.0,0.5,0.0,0.5,1.0,0,0,0
895,1.0,0.5,1.0,0.0,1.0,0.5,0.0,0,0,0
896,1.0,0.5,1.0,0.0,1.0,0.5,0.5,1,1,0
897,0.0,0.5,1.0,0.0,0.5,1.0,0.5,1,0,1
898,1.0,0.5,1.0,0.0,1.0,0.0,1.0,1,1,0
899,0.0,0.5,1.0,0.5,0.0,0.0,0.5,1,0,0
900,0.0,0.5,0.0,0.5,0.0,1.0,0.5,0,0,1
901,0.5,0.0,0.0,0.5,1.0,0.0,0.0,1,0,1
902,1.0,1.0,1.0,0.5,0.0,0.0,1.0,1,0,0
903,1.0,0.5,1.0,0.5,0.0,0.5,0.5,1,0,0
904,0.0,0.0,1.0,1.0,1.0,1.0,0.0,0,0,1
905,1.0,0.0,1.0,1.0,1.0,0.0,1.0,1,0,0
906,1.0,0.5,0.0,0.0,0.0,0.5,0.5,0,0,0
907,1.0,0.0,0.5,0.0,0.0,1.0,0.0,0,0,1
908,0.0,1.0,1.0,0.5,0.5,0.0,0.5,1,0,0
909,0.0,0.0,0.5,0.0,0.0,1.0,0.0,0,0,1
910,1.0,1.0,1.0,0.0,1.0,0.5,1.0,1,0,0
911,0.0,0.5,0.0,0.0,0.0,1.0,0.5,0,0,1
912,1.0,0.5,1.0,0.0,0.0,0.0,0.5,1,1,0
913,0.0,0.0,1.0,1.0,1.0,1.0,1.0,0,0,1
914,0.0,0.0,0.5,1.0,1.0,1.0,0.0,0,0,1
915,0.0,0.5,0.0,0.0,1.0,0.0,0.0,1,0,1
916,0.0,0.5,0.0,0.5,0.0,0.5,1.0,1,1,1
917,0.0,0.0,0.0,0.0,0.0,1.0,0.0,0,0,1
918,1.0,0.5,1.0,0.5,0.0,0.0,1.0,1,0,0
919,0.0,0.0,0.5,0.5,1.0,1.0,0.5,0,0,1
920,0.0,1.0,0.0,1.0,1.0,0.0,0.5,1,0,0
921,1.0,1.0,0.5,0.5,0.0,0.0,0.0,1,0,0
922,0.0,0.0,1.0,0.0,0.0,1.0,0.5,1,0,1
923,0.5,0.5,0.0,0.5,1.0,1.0,0.5,0,0,1
924,1.0,0.5,1.0,0.5,0.0,0.0,0.0,1,1,0
925,0.5,0.0,0.5,0.5,1.0,1.0,0.5,0,0,1
926,0.5,0.5,0.0,0.5,1.0,0.5,0.5,1,0,1
927,1.0,1.0,1.0,1.0,1.0,1.0,0.0,0,0,0
928,0.0,0.0,0.5,0.0,0.5,1.0,0.0,0,0,1
929,0.0,0.5,0.0,1.0,1.0,1.0,0.0,0,0,1
930,1.0,0.5,1.0,0.0,1.0,0.0,0.5,1,1,0
931,1.0,0.5,0.5,1.0,0.0,0.5,0.0,1,0,1
932,0.0,0.5,1.0,0.5,0.5,1.0,0.5,1,0,0
933,0.0,0.0,0.5,0.5,0.0,1.0,0.5,0,0,1
934,0.5,0.0,1.0,0.5,1.0,0.5,0.5,1,0,1
935,1.0,0.0,1.0,0.0,1.0,0.0,0.5,1,0,0
936,0.0,0.0,0.0,0.0,0.0,0.5,0.5,0,0,1
937,1.0,0.5,1.0,0.0,1.0,1.0,0.5,1,0,0
938,1.0,0.0,0.5,1.0,1.0,0.0,1.0,1,0,0
939,0.0,0.0,0.5,0.0,0.5,1.0,0.0,0,0,1
940,0.0,0.5,1.0,0.0,1.0,0.5,1.0,0,1,1
941,0.0,0.0,0.5,0.0,0.0,0.5,0.5,1,0,1
942,1.0,0.5,0.0,0.0,1.0,0.5,1.0,1,0,0
943,0.0,0.0,0.0,1.0,1.0,1.0,0.0,0,0,1
944,0.0,0.5,0.0,1.0,1.0,1.0,1.0,0,0,1
945,1.0,0.0,0.5,0.0,0.0,1.0,0.0,0,0,1
946,0.0,0.5,0.5,0.0,0.0,0.5,0.0,1,0,1
947,1.0,0.0,0.5,0.0,0.0,0.5,1.0,0,0,1
948,1.0,0.5,1.0,1.0,1.0,1.0,0.5,0,0,0
949,1.0,0.5,1.0,0.5,0.5,0.5,0.5,1,1,0
950,0.0,0.5,1.0,0.5,0.0,0.0,0.5,1,0,0
951,0.0,0.0,0.0,0.5,0.0,1.0,0.5,0,0,1
952,1.0,1.0,1.0,0.5,0.0,0.5,1.0,0,0,0
953,1.0,0.0,0.5,0.0,0.0,0.5,0.5,0,0,1
954,1.0,0.5,1.0,0.0,1.0,0.0,0.5,1,0,0
955,0.5,0.5,0.0,0.5,1.0,1.0,0.5,0,0,1
956,0.5,0.0,0.0,0.5,1.0,0.5,0.5,0,0,1
957,1.0,0.5,1.0,0.0,0.0,1.0,1.0,0,0,0
958,1.0,0.5,1.0,0.0,1.0,0.0,0.5,1,1,0
959,1.0,0.5,1.0,0.0,1.0,0.5,0.0,1,1,0
960,0.5,0.5,0.5,0.5,1.0,0.5,0.5,0,0,1
961,1.0,0.5,1.0,1.0,1.0,0.0,0.0,1,0,0
962,1.0,0.5,1.0,0.5,0.0,0.5,1.0,1,0,0
963,0.0,0.5,1.0,0.5,0.0,0.5,0.0,1,0,0
964,0.0,0.5,0.0,0.0,0.0,1.0,0.5,0,0,1
965,1.0,0.5,1.0,0.5,0.0,0.5,0.5,1,0,0
966,0.0,0.5,0.0,0.0,0.0,0.0,0.5,1,0,1
967,1.0,1.0,0.0,0.0,0.0,1.0,1.0,0,0,0
968,1.0,0.5,1.0,1.0,1.0,0.0,0.5,1,0,0
969,1.0,0.5,1.0,0.5,0.0,1.0,1.0,0,0,0
970,0.0,0.0,0.5,0.0,0.0,1.0,0.0,0,0,1
971,1.0,1.0,1.0,0.0,1.0,0.0,0.5,1,0,0
972,1.0,0.5,1.0,0.5,0.0,0.5,0.5,1,0,0
973,0.0,0.0,0.0,0.5,0.0,0.5,0.5,1,0,1
974,0.0,0.0,0.5,0.0,1.0,0.0,0.5,1,0,1
975,0.0,0.5,1.0,0.5,0.5,0.0,1.0,1,0,0
976,1.0,1.0,1.0,0.0,1.0,0.5,0.0,1,1,0
977,1.0,0.5,1.0,0.5,0.0,1.0,0.0,0,0,0
978,1.0,1.0,1.0,0.5,0.5,1.0,0.0,0,0,0
979,1.0,1.0,1.0,1.0,1.0,0.0,1.0,1,0,0
980,0.0,0.0,1.0,0.0,0.0,0.5,0.5,0,0,1
981,0.5,0.5,0.0,0.5,1.0,0.0,0.0,1,0,1
982,1.0,1.0,1.0,1.0,1.0,0.0,0.5,1,1,0
983,0.0,0.0,1.0,0.0,0.5,1.0,0.0,0,0,0
984,1.0,0.5,1.0,1.0,0.5,0.0,1.0,1,0,0
985,0.0,0.0,0.0,1.0,0.0,1.0,1.0,0,1,1
986,0.0,0.5,0.5,0.0,0.0,0.0,0.5,1,0,1
987,0.5,0.0,0.0,0.5,1.0,0.0,1.0,1,0,1
988,0.0,1.0,1.0,0.5,0.5,1.0,0.5,0,0,0
989,0.5,0.5,0.0,0.5,1.0,1.0,0.5,0,0,1
990,0.0,0.5,0.0,0.0,0.0,0.5,1.0,0,0,1
991,0.0,0.0,1.0,0.0,0.0,0.5,0.5,0,0,1
992,1.0,0.5,1.0,0.0,1.0,0.0,0.5,1,0,0
993,1.0,1.0,1.0,0.5,0.5,0.0,0.5,1,0,0
994,1.0,0.0,1.0,0.0,0.0,0.5,0.0,1,0,0
995,0.0,0.0,1.0,1.0,0.0,1.0,0.0,1,0,1
996,0.0,0.0,1.0,0.0,0.0,1.0,0.0,0,0,1
997,0.0,0.5,1.0,0.5,0.5,0.0,0.5,1,0,0
998,1.0,0.0,0.5,0.0,1.0,0.0,1.0,1,0,1
999,1.0,0.0,1.0,1.0,1.0,0.5,1.0,1,0,0
1000,1.0,0.5,1.0,0.5,0.0,0.5,0.0,1,0,0
1001,1.0,0.0,1.0,0.0,1.0,0.0,0.5,1,0,0
1002,1.0,0.0,0.5,0.5,1.0,0.0,0.0,1,0,1
1003,1.0,0.5,1.0,1.0,1.0,0.5,0.5,0,0,0
1004,0.0,0.0,0.0,0.0,0.0,0.5,1.0,0,0,1
1005,0.0,0.0,1.0,0.0,0.5,0.5,0.0,0,0,1
1006,1.0,0.5,1.0,0.5,0.0,0.5,0.5,1,0,0
1007,0.5,0.0,0.0,0.5,0.5,0.0,0.5,1,0,1
1008,1.0,0.5,1.0,0.0,1.0,0.5,0.0,0,0,0
1009,0.0,0.5,0.0,0.0,0.0,1.0,0.5,0,0,1
1010,0.0,0.5,0.0,0.0,1.0,0.5,0.0,0,0,1
1011,0.0,0.5,0.0,0.5,0.0,1.0,0.0,0,0,1
1012,1.0,0.5,1.0,0.0,1.0,0.5,1.0,0,0,0
1013,0.0,0.0,0.5,1.0,1.0,0.0,1.0,1,0,1
1014,1.0,0.5,1.0,1.0,0.5,0.5,1.0,1,0,0
1015,1.0,1.0,1.0,0.5,0.0,0.5,0.0,1,1,0
1016,1.0,0.5,1.0,0.0,0.0,0.5,0.5,0,0,0
1017,1.0,1.0,1.0,0.5,0.5,1.0,1.0,0,0,0
1018,1.0,0.0,0.5,0.0,1.0,0.0,0.5,1,0,1
1019,0.0,0.0,0.5,0.0,0.0,0.5,0.5,1,0,1
1020,0.0,0.0,0.0,0.0,0.0,1.0,0.5,1,0,1
1021,0.0,0.5,0.5,0.0,0.0,0.5,0.5,1,0,1
1022,1.0,0.0,1.0,0.0,1.0,0.5,0.0,1,0,1
1023,1.0,0.5,0.5,1.0,0.0,0.0,0.5,1,0,0
1024,1.0,0.0,0.5,0.0,0.0,0.5,0.0,1,0,1
1025,0.0,0.0,0.0,0.0,1.0,1.0,1.0,0,0,1
1026,1.0,0.0,0.5,1.0,0.0,0.0,0.5,1,0,0
1027,0.0,0.0,0.5,0.5,0.0,0.5,0.0,1,0,1
1028,0.0,0.5,1.0,0.5,0.5,0.0,0.5,1,1,0
1029,0.0,0.0,0.5,0.0,0.0,1.0,0.5,1,0,1
1030,1.0,0.5,1.0,0.5,0.0,1.0,1.0,0,0,0
1031,1.0,0.5,1.0,1.0,0.5,1.0,1.0,0,1,0
1032,0.5,0.5,0.0,0.5,1.0,0.5,0.5,1,0,1
1033,1.0,0.5,1.0,0.5,0.0,1.0,0.5,0,0,0
1034,1.0,0.0,1.0,0.0,1.0,0.5,0.5,1,0,0
1035,0.0,0.5,0.5,0.5,0.0,0.5,0.0,1,0,1
1036,0.0,0.0,0.5,0.0,0.0,0.5,0.0,0,0,1
1037,0.0,0.0,0.0,0.5,0.0,0.0,0.5,1,0,1
1038,1.0,0.0,1.0,0.5,0.0,0.0,1.0,1,0,0
1039,1.0,1.0,1.0,1.0,1.0,1.0,1.0,0,0,0
1040,1.0,1.0,0.0,0.0,1.0,0.0,0.5,1,0,0
1041,1.0,0.0,1.0,0.5,1.0,0.5,0.0,1,0,1
1042,0.0,0.0,0.5,0.5,0.0,1.0,0.0,0,0,1
1043,1.0,0.5,1.0,0.0,1.0,0.5,1.0,1,0,0
1044,0.5,0.0,0.0,0.5,1.0,1.0,0.5,0,0,1
1045,0.5,0.0,0.0,0.5,1.0,0.0,0.5,1,0,1
1046,1.0,1.0,0.0,1.0,1.0,0.0,0.5,1,0,0
1047,0.0,0.0,1.0,0.5,1.0,1.0,1.0,0,0,1
1048,1.0,0.5,1.0,0.5,0.0,1.0,1.0,0,0,0
1049,0.0,0.5,0.0,0.0,0.0,0.5,0.5,0,0,1
1050,0.5,0.0,0.0,0.5,1.0,0.5,0.5,1,0,1
1051,0.0,0.0,0.0,0.0,0.0,0.5,0.0,1,0,1
1052,1.0,0.5,0.0,0.5,0.5,1.0,0.0,0,0,0
1053,1.0,1.0,1.0,1.0,1.0,0.0,1.0,1,1,0
1054,0.0,0.0,0.0,0.0,0.0,0.0,0.0,1,0,1
1055,1.0,0.5,1.0,1.0,1.0,0.5,0.5,1,0,0
1056,0.0,0.5,0.0,0.5,0.0,0.5,1.0,1,0,1
1057,0.0,0.5,0.0,1.0,1.0,0.0,1.0,1,0,0
1058,1.0,1.0,1.0,0.5,0.5,0.0,1.0,1,1,0
1059,0.0,0.5,0.0,0.0,1.0,1.0,0.5,0,0,1
1060,1.0,0.5,0.0,0.0,0.0,1.0,0.5,0,0,0
1061,0.5,0.5,0.0,0.5,0.5,1.0,0.0,0,0,1
1062,1.0,0.0,0.5,0.5,0.0,1.0,0.0,1,0,1
1063,0.0,0.0,0.0,0.0,1.0,1.0,0.5,0,0,1
1064,1.0,1.0,1.0,0.0,0.0,1.0,1.0,0,0,0
1065,0.5,0.0,0.0,0.5,0.5,0.5,0.5,1,0,1
1066,1.0,0.5,1.0,0.0,1.0,0.5,0.0,1,1,0
1067,0.0,0.0,0.0,0.5,0.0,1.0,0.5,1,0,1
1068,0.5,0.0,0.0,0.5,0.5,0.5,0.5,0,0,1
1069,0.0,0.5,0.0,0.0,0.0,0.5,0.5,1,0,1
1070,1.0,0.5,1.0,0.0,1.0,0.0,1.0,1,0,0
1071,1.0,0.0,0.0,0.0,1.0,1.0,0.0,0,0,0
1072,1.0,0.5,1.0,0.5,0.0,0.5,0.5,1,0,0
1073,0.0,0.0,0.0,0.5,0.0,0.0,0.5,1,0,1
1074,1.0,1.0,1.0,0.0,1.0,1.0,1.0,0,0,0
1075,0.0,0.0,0.0,0.0,0.0,1.0,0.5,0,0,1
1076,0.0,0.0,0.0,0.0,0.0,0.5,0.5,0,0,1
1077,1.0,0.0,1.0,1.0,1.0,0.0,0.5,1,0,0
1078,0.0,0.5,0.5,0.5,0.0,1.0,0.0,0,0,1
1079,1.0,0.0,0.5,0.5,1.0,0.0,0.5,1,0,0
1080,1.0,0.5,1.0,0.0,1.0,0.0,1.0,1,0,0
1081,1.0,1.0,1.0,0.5,0.5,0.0,0.5,1,1,0
1082,0.0,0.0,1.0,0.0,0.0,0.5,1.0,1,1,1
1083,1.0,0.5,1.0,0.5,0.0,1.0,1.0,0,0,0
1084,1.0,1.0,0.5,0.5,0.0,0.5,0.0,1,0,0
1085,1.0,0.5,1.0,1.0,0.5,0.0,1.0,1,0,0
1086,1.0,0.5,1.0,0.0,1.0,0.5,0.5,1,0,0
1087,0.0,0.0,1.0,0.0,0.0,1.0,0.0,0,0,1
1088,1.0,1.0,1.0,0.0,0.0,0.5,0.5,1,0,0
1089,1.0,0.5,1.0,1.0,1.0,0.5,1.0,1,0,0
1090,1.0,0.0,1.0,0.0,0.0,0.5,0.0,1,0,1
1091,0.0,0.0,0.0,0.5,0.0,1.0,0.5,0,0,1
1092,1.0,0.5,1.0,0.5,0.0,0.5,0.5,1,0,0
1093,1.0,1.0,1.0,0.5,0.5,0.0,0.5,1,0,0
1094,1.0,0.0,1.0,1.0,1.0,0.0,1.0,1,0,0
1095,0.0,0.0,0.5,0.0,0.0,0.5,0.5,0,0,1
1096,0.0,0.5,0.5,0.5,0.0,1.0,0.0,0,0,1
1097,0.0,0.5,0.0,0.0,0.0,0.5,0.0,0,0,1
1098,0.0,0.0,1.0,0.0,0.0,0.0,0.0,1,0,1
1099,0.5,0.0,0.0,0.5,1.0,1.0,1.0,0,1,1
1100,0.0,0.0,1.0,0.5,0.0,0.0,0.5,1,0,1
1101,0.0,0.5,1.0,0.0,0.5,0.5,0.0,1,0,1
1102,1.0,0.0,1.0,0.5,0.0,1.0,1.0,0,0,0
1103,1.0,1.0,1.0,0.0,0.0,0.5,0.0,1,0,0
1104,0.0,0.5,1.0,0.5,0.0,0.5,1.0,1,1,1
1105,0.5,0.5,0.0,0.5,1.0,0.5,1.0,0,1,1
1106,0.5,0.5,0.0,0.5,1.0,0.0,0.5,1,0,1
1107,0.0,0.0,0.0,0.0,0.0,0.5,0.5,1,0,1
1108,0.0,0.5,0.0,0.0,0.0,1.0,0.5,0,0,1
1109,1.0,0.5,0.5,1.0,1.0,0.0,0.0,1,0,0
1110,0.0,0.5,1.0,0.0,0.0,0.5,0.0,0,0,1
1111,0.0,0.0,0.0,0.0,0.0,0.5,0.5,0,0,1
1112,1.0,0.5,1.0,0.5,0.5,0.5,0.0,1,0,0
1113,0.0,0.0,0.0,0.0,0.0,0.5,0.5,1,0,1
1114,1.0,0.0,1.0,0.5,0.0,0.0,0.5,1,0,0
1115,1.0,0.0,1.0,0.0,0.0,1.0,0.0,0,0,1
1116,0.0,0.0,0.0,0.0,0.0,1.0,0.5,0,0,1
1117,0.0,0.0,0.0,0.5,0.0,0.0,1.0,1,1,1
1118,1.0,1.0,1.0,0.0,0.0,0.0,0.5,1,0,0
1119,1.0,0.5,1.0,1.0,0.5,0.0,0.0,1,1,0
1120,0.0,0.0,1.0,0.0,0.0,0.5,0.0,1,0,1
1121,1.0,1.0,1.0,0.5,0.0,1.0,0.0,0,0,0
1122,1.0,0.5,1.0,1.0,1.0,0.5,1.0,1,0,0
1123,0.0,0.0,0.0,0.5,0.0,0.0,1.0,1,1,1
1124,0.5,0.5,0.0,0.5,0.5,0.0,0.5,1,0,1
1125,1.0,0.5,1.0,0.0,0.0,0.5,0.5,1,0,0
1126,1.0,0.5,1.0,0.5,0.0,0.5,0.5,1,0,0
1127,1.0,0.5,0.0,0.5,0.0,1.0,0.5,0,0,0
1128,1.0,0.0,0.5,0.0,0.0,0.5,0.0,0,0,1
1129,0.0,0.5,0.0,0.5,0.0,0.5,0.5,1,0,1
1130,0.0,0.0,1.0,0.0,0.0,0.0,0.5,1,0,1
1131,0.0,0.5,1.0,1.0,0.5,1.0,0.0,0,0,0
1132,1.0,0.5,1.0,0.0,0.0,0.0,0.5,1,0,0
1133,1.0,0.5,1.0,0.5,0.5,0.0,0.5,1,0,0
1134,0.0,0.0,0.5,0.0,0.0,1.0,0.5,0,0,1
1135,0.0,0.0,0.0,0.0,0.0,0.5,1.0,0,1,1
1136,1.0,0.5,1.0,0.0,1.0,0.5,1.0,1,0,0
1137,0.5,0.5,0.0,0.5,1.0,0.5,0.0,0,0,1
1138,0.5,0.5,1.0,0.5,0.5,0.0,1.0,1,1,1
1139,0.0,0.0,1.0,0.5,1.0,1.0,1.0,0,0,1
1140,1.0,0.5,1.0,0.5,0.0,0.0,0.0,1,1,0
1141,1.0,0.5,1.0,0.5,0.0,0.5,0.5,1,0,0
1142,1.0,0.5,1.0,0.0,1.0,0.5,1.0,0,0,0
1143,1.0,0.5,1.0,0.0,1.0,0.0,0.5,1,0,0
1144,1.0,0.0,1.0,0.0,1.0,1.0,1.0,0,0,0
1145,0.5,0.0,0.5,0.5,1.0,1.0,0.5,0,0,1
1146,1.0,1.0,1.0,0.0,1.0,0.0,0.5,1,0,0
1147,1.0,0.5,1.0,0.0,1.0,0.0,0.5,1,0,0
1148,1.0,1.0,1.0,1.0,1.0,0.0,0.0,1,0,0
1149,1.0,0.0,0.5,0.5,0.0,1.0,0.0,0,0,1
1150,0.0,0.0,1.0,0.0,0.5,1.0,0.0,0,0,1
1151,0.0,0.0,1.0,0.5,0.0,0.0,1.0,1,1,1
1152,0.0,0.0,0.5,0.0,0.0,0.5,0.0,1,0,0
1153,1.0,0.5,1.0,0.5,0.0,1.0,1.0,0,0,0
1154,0.0,0.0,1.0,0.0,0.5,0.5,0.0,1,0,1
1155,0.0,0.5,1.0,0.0,0.0,0.5,0.0,1,0,1
1156,0.0,0.5,0.5,0.0,0.0,1.0,0.0,0,0,1
1157,1.0,0.0,0.5,1.0,1.0,0.0,0.0,1,1,1
1158,0.0,0.0,0.0,0.5,0.0,0.5,0.5,1,0,1
1159,1.0,0.5,1.0,1.0,1.0,0.5,0.5,0,0,0
1160,0.5,0.0,0.5,0.5,1.0,0.5,0.5,1,0,1
1161,1.0,0.0,0.5,1.0,1.0,0.5,1.0,1,0,1
1162,0.0,0.0,1.0,0.0,0.0,0.5,0.0,0,0,0
1163,1.0,0.0,0.5,0.5,0.5,0.0,1.0,1,0,0
1164,1.0,0.5,1.0,0.5,0.0,0.0,0.0,1,1,0
1165,1.0,0.5,1.0,1.0,0.5,0.0,0.0,1,1,0
1166,0.0,0.0,0.0,0.0,0.0,0.5,1.0,1,0,1
1167,0.0,1.0,1.0,1.0,1.0,0.0,0.5,1,1,0
1168,1.0,0.5,0.5,1.0,1.0,1.0,0.5,0,0,0
1169,1.0,0.5,1.0,0.0,0.0,0.0,1.0,1,0,0
1170,1.0,1.0,1.0,1.0,0.5,1.0,1.0,0,0,0
1171,1.0,0.5,1.0,0.5,0.0,0.0,0.5,1,0,0
1172,1.0,0.5,1.0,1.0,1.0,0.5,0.5,0,0,0
1173,1.0,1.0,1.0,0.0,1.0,0.5,0.0,1,0,0
1174,1.0,0.5,1.0,0.5,0.0,0.0,1.0,1,0,0
1175,0.0,0.0,0.0,0.0,0.0,0.5,0.0,1,0,1
1176,1.0,1.0,1.0,1.0,1.0,0.0,0.5,1,0,0
1177,1.0,0.5,1.0,1.0,0.5,0.0,0.5,1,0,0
1178,1.0,0.5,1.0,1.0,1.0,0.0,0.5,1,0,0
1179,0.0,0.5,0.0,0.0,0.0,0.5,0.0,0,0,1
1180,0.5,0.5,0.0,0.5,1.0,1.0,1.0,0,0,1
1181,1.0,0.5,1.0,0.0,1.0,1.0,0.5,0,0,0
1182,1.0,0.0,0.5,1.0,0.5,0.5,0.0,0,0,0
1183,0.0,0.5,1.0,0.5,0.0,0.5,0.5,1,0,0
1184,0.0,0.0,1.0,0.0,0.0,0.5,0.5,1,0,1
1185,1.0,0.5,1.0,0.0,1.0,0.0,1.0,1,1,0
1186,1.0,0.0,0.5,1.0,1.0,0.0,0.0,1,1,0
1187,1.0,0.5,1.0,1.0,1.0,0.0,0.5,1,1,0
1188,1.0,0.5,1.0,0.5,0.0,0.5,0.5,0,0,0
1189,0.0,0.0,1.0,0.5,0.0,0.5,0.5,1,0,1
1190,0.0,0.0,0.5,0.0,0.0,0.5,0.0,0,0,1
1191,1.0,1.0,1.0,0.0,0.0,0.5,0.5,1,1,0
1192,0.0,0.5,0.0,0.0,0.0,1.0,1.0,0,1,1
1193,1.0,0.5,0.0,1.0,1.0,0.5,1.0,1,0,0
1194,1.0,0.5,1.0,0.0,1.0,0.0,0.5,1,0,0
1195,1.0,0.5,1.0,1.0,1.0,0.0,0.0,1,0,0
1196,0.0,0.0,0.0,0.5,0.0,0.5,1.0,1,0,1
1197,0.0,0.0,1.0,0.5,0.0,0.5,1.0,1,0,1
1198,1.0,0.5,0.0,1.0,1.0,1.0,1.0,0,0,0
1199,1.0,0.5,1.0,0.0,1.0,0.5,1.0,0,0,0
1200,0.5,0.0,0.0,0.5,1.0,0.0,0.0,1,0,1
1201,1.0,0.5,1.0,0.0,1.0,0.0,0.0,1,0,0
1202,1.0,1.0,1.0,0.0,1.0,0.0,0.5,1,0,0
1203,0.0,0.0,0.0,0.5,1.0,0.5,1.0,1,1,1
1204,1.0,0.5,1.0,0.0,1.0,0.0,1.0,1,0,0
1205,0.0,0.5,0.0,0.0,1.0,1.0,0.0,0,0,1
1206,0.5,0.0,0.5,0.5,1.0,1.0,1.0,0,1,1
1207,1.0,1.0,0.0,1.0,1.0,0.5,0.5,1,0,0
1208,1.0,0.0,0.5,1.0,1.0,0.0,1.0,1,0,1
1209,1.0,0.5,1.0,0.5,0.0,0.0,1.0,1,0,0
1210,1.0,1.0,0.0,1.0,1.0,1.0,0.0,0,0,0
1211,1.0,0.5,0.0,0.0,0.0,1.0,1.0,1,0,0
1212,0.0,0.5,1.0,1.0,1.0,0.0,1.0,1,0,0
1213,1.0,0.5,0.5,0.5,0.0,0.0,0.0,1,0,0
1214,1.0,0.0,0.5,0.0,0.0,0.0,0.0,1,0,1
1215,0.0,0.0,0.5,0.0,0.0,1.0,0.5,0,0,1
1216,1.0,0.5,1.0,0.5,0.0,0.0,1.0,1,0,0
1217,1.0,0.5,1.0,0.0,1.0,0.5,0.5,1,1,0
1218,0.0,0.0,0.0,0.5,0.0,0.5,0.5,1,0,1
1219,0.0,0.0,0.5,0.0,0.0,1.0,0.5,0,0,1
1220,1.0,1.0,1.0,0.0,1.0,0.0,0.0,1,0,0
1221,0.0,0.0,1.0,0.0,0.0,1.0,0.0,0,0,1
1222,0.5,0.0,0.0,0.5,1.0,0.5,0.5,1,0,1
1223,1.0,0.5,0.0,1.0,1.0,0.0,0.5,1,0,0
1224,1.0,0.5,1.0,1.0,1.0,1.0,1.0,0,0,0
1225,1.0,0.0,0.5,0.0,0.0,1.0,0.5,0,0,1
1226,0.0,0.5,1.0,0.0,0.0,1.0,0.0,0,0,1
1227,0.5,0.0,1.0,0.5,0.5,0.0,0.0,1,0,1
1228,1.0,1.0,0.0,1.0,1.0,0.0,1.0,1,0,0
1229,1.0,0.0,1.0,1.0,1.0,1.0,1.0,0,0,0
1230,1.0,0.5,1.0,0.0,1.0,0.5,1.0,1,1,0
1231,0.5,0.5,0.0,0.5,0.5,1.0,1.0,0,0,1
1232,1.0,0.5,0.0,0.5,0.0,1.0,0.5,0,0,0
1233,0.5,0.0,1.0,0.5,1.0,1.0,0.0,0,0,1
1234,0.0,0.0,0.5,0.0,0.0,0.5,0.5,0,0,1
1235,0.0,0.5,1.0,0.5,0.0,1.0,0.0,0,0,1
1236,0.5,0.5,0.0,0.5,0.5,1.0,0.5,0,0,1
1237,1.0,0.5,1.0,0.5,0.0,0.5,1.0,1,0,0
1238,0.0,0.5,0.0,0.0,1.0,1.0,0.0,1,0,1
1239,1.0,0.5,1.0,0.5,0.0,0.5,0.5,1,0,0
1240,0.0,0.5,1.0,0.0,0.0,1.0,0.5,1,0,0
1241,1.0,1.0,0.0,1.0,1.0,1.0,1.0,0,0,0
1242,0.5,0.5,0.5,0.5,1.0,0.5,0.5,0,0,1
1243,1.0,1.0,0.5,0.5,0.0,0.0,0.0,1,0,0
1244,1.0,0.5,1.0,1.0,1.0,0.0,0.5,1,0,0
1245,0.0,0.0,0.0,0.0,0.0,0.0,0.5,1,0,1
1246,0.0,0.5,1.0,0.5,0.0,0.5,0.5,1,0,0
1247,0.0,0.5,0.0,0.0,0.0,0.5,0.0,0,0,1
1248,0.5,0.5,1.0,0.5,0.5,0.5,0.0,1,0,1
1249,1.0,0.5,1.0,1.0,1.0,0.5,0.0,0,0,0
